-- ============================================================
-- MATERIAS
-- ============================================================
INSERT INTO materias VALUES ('S1-01','Calculo Diferencial',1,5,'Matematica') ON CONFLICT DO NOTHING;
INSERT INTO materias VALUES ('S1-02','Fundamentos de Programacion',1,5,'Programacion') ON CONFLICT DO NOTHING;
INSERT INTO materias VALUES ('S1-03','Taller de Etica',1,4,'Tronco Comun') ON CONFLICT DO NOTHING;
INSERT INTO materias VALUES ('S1-04','Matematicas Discretas',1,5,'Matematica') ON CONFLICT DO NOTHING;
INSERT INTO materias VALUES ('S1-05','Taller de Administracion',1,4,'Administracion') ON CONFLICT DO NOTHING;
INSERT INTO materias VALUES ('S1-06','Fundamentos de Investigacion',1,4,'Tronco Comun') ON CONFLICT DO NOTHING;
INSERT INTO materias VALUES ('S1-07','Tutorias',1,4,'Tronco Comun') ON CONFLICT DO NOTHING;
INSERT INTO materias VALUES ('S2-01','Calculo Integral',2,5,'Matematica') ON CONFLICT DO NOTHING;
INSERT INTO materias VALUES ('S2-02','Programacion Orientada a Objetos',2,5,'Programacion') ON CONFLICT DO NOTHING;
INSERT INTO materias VALUES ('S2-03','Contabilidad Financiera',2,4,'Administracion') ON CONFLICT DO NOTHING;
INSERT INTO materias VALUES ('S2-04','Quimica',2,4,'Tronco Comun') ON CONFLICT DO NOTHING;
INSERT INTO materias VALUES ('S2-05','Algebra Lineal',2,4,'Matematica') ON CONFLICT DO NOTHING;
INSERT INTO materias VALUES ('S2-06','Probabilidad y Estadistica',2,5,'Matematica') ON CONFLICT DO NOTHING;
INSERT INTO materias VALUES ('S3-01','Calculo Vectorial',3,5,'Matematica') ON CONFLICT DO NOTHING;
INSERT INTO materias VALUES ('S3-02','Estructura de Datos',3,5,'Programacion') ON CONFLICT DO NOTHING;
INSERT INTO materias VALUES ('S3-03','Cultura Empresarial',3,4,'Administracion') ON CONFLICT DO NOTHING;
INSERT INTO materias VALUES ('S3-04','Investigacion de Operaciones',3,4,'Administracion') ON CONFLICT DO NOTHING;
INSERT INTO materias VALUES ('S3-05','Sistemas Operativos',3,5,'Infraestructura') ON CONFLICT DO NOTHING;
INSERT INTO materias VALUES ('S3-06','Fisica General',3,4,'Tronco Comun') ON CONFLICT DO NOTHING;
INSERT INTO materias VALUES ('S4-01','Ecuaciones Diferenciales',4,5,'Matematica') ON CONFLICT DO NOTHING;
INSERT INTO materias VALUES ('S4-02','Metodos Numericos',4,4,'Matematica') ON CONFLICT DO NOTHING;
INSERT INTO materias VALUES ('S4-03','Topicos Avanzados de Programacion',4,5,'Programacion') ON CONFLICT DO NOTHING;
INSERT INTO materias VALUES ('S4-04','Fundamentos de Base de Datos',4,5,'Base de Datos') ON CONFLICT DO NOTHING;
INSERT INTO materias VALUES ('S4-05','Taller de Sistemas Operativos',4,4,'Infraestructura') ON CONFLICT DO NOTHING;
INSERT INTO materias VALUES ('S4-06','Principios Electricos y Aplicaciones Digitales',4,4,'Infraestructura') ON CONFLICT DO NOTHING;
INSERT INTO materias VALUES ('S5-01','Desarrollo Sustentable',5,4,'Administracion') ON CONFLICT DO NOTHING;
INSERT INTO materias VALUES ('S5-02','Fundamentos de Telecomunicaciones',5,5,'Redes') ON CONFLICT DO NOTHING;
INSERT INTO materias VALUES ('S5-03','Taller de Bases de Datos',5,5,'Base de Datos') ON CONFLICT DO NOTHING;
INSERT INTO materias VALUES ('S5-04','Simulacion',5,4,'Administracion') ON CONFLICT DO NOTHING;
INSERT INTO materias VALUES ('S5-05','Fundamentos de Ingenieria de Software',5,5,'Administracion') ON CONFLICT DO NOTHING;
INSERT INTO materias VALUES ('S5-06','Arquitectura de Computadoras',5,5,'Infraestructura') ON CONFLICT DO NOTHING;
INSERT INTO materias VALUES ('S6-01','Lenguajes y Automatas I',6,5,'Programacion') ON CONFLICT DO NOTHING;
INSERT INTO materias VALUES ('S6-02','Redes de Computadoras',6,5,'Redes') ON CONFLICT DO NOTHING;
INSERT INTO materias VALUES ('S6-03','Administracion de Bases de Datos',6,5,'Base de Datos') ON CONFLICT DO NOTHING;
INSERT INTO materias VALUES ('S6-04','Graficacion',6,4,'Programacion') ON CONFLICT DO NOTHING;
INSERT INTO materias VALUES ('S6-05','Ingenieria de Software',6,5,'Administracion') ON CONFLICT DO NOTHING;
INSERT INTO materias VALUES ('S6-06','Lenguajes de Interfaz',6,4,'Programacion') ON CONFLICT DO NOTHING;
INSERT INTO materias VALUES ('S6-07','Actividades Complementarias',6,4,'Tronco Comun') ON CONFLICT DO NOTHING;
INSERT INTO materias VALUES ('S7-01','Lenguajes y Automatas II',7,5,'Programacion') ON CONFLICT DO NOTHING;
INSERT INTO materias VALUES ('S7-02','Conmutacion y Enrutamiento de Redes de Datos',7,5,'Redes') ON CONFLICT DO NOTHING;
INSERT INTO materias VALUES ('S7-03','Taller de Investigacion I',7,4,'Administracion') ON CONFLICT DO NOTHING;
INSERT INTO materias VALUES ('S7-04','Gestion de Proyectos de Software',7,4,'Administracion') ON CONFLICT DO NOTHING;
INSERT INTO materias VALUES ('S7-05','Sistemas Programables',7,5,'Programacion') ON CONFLICT DO NOTHING;
INSERT INTO materias VALUES ('S8-01','Programacion Logica y Funcional',8,5,'Programacion') ON CONFLICT DO NOTHING;
INSERT INTO materias VALUES ('S8-02','Administracion de Redes',8,5,'Redes') ON CONFLICT DO NOTHING;
INSERT INTO materias VALUES ('S8-03','Taller de Investigacion II',8,4,'Administracion') ON CONFLICT DO NOTHING;
INSERT INTO materias VALUES ('S8-04','Programacion Web',8,5,'Programacion') ON CONFLICT DO NOTHING;
INSERT INTO materias VALUES ('S8-05','Residencia Profesional',8,10,'Tronco Comun') ON CONFLICT DO NOTHING;
INSERT INTO materias VALUES ('S8-06','Servicio Social',8,10,'Tronco Comun') ON CONFLICT DO NOTHING;
INSERT INTO materias VALUES ('S9-01','Inteligencia Artificial',9,5,'Programacion') ON CONFLICT DO NOTHING;
INSERT INTO materias VALUES ('ESP-IA-01','Machine Learning',10,5,'Programacion') ON CONFLICT DO NOTHING;
INSERT INTO materias VALUES ('ESP-IA-02','Redes Neuronales Artificiales',10,5,'Programacion') ON CONFLICT DO NOTHING;
INSERT INTO materias VALUES ('ESP-IA-03','Mineria de Datos',10,5,'Programacion') ON CONFLICT DO NOTHING;
INSERT INTO materias VALUES ('ESP-IA-04','Vision por Computadora',10,5,'Programacion') ON CONFLICT DO NOTHING;
INSERT INTO materias VALUES ('ESP-IA-05','Procesamiento de Lenguaje Natural',10,5,'Programacion') ON CONFLICT DO NOTHING;
INSERT INTO materias VALUES ('ESP-CS-01','Seguridad en Redes',10,5,'Redes') ON CONFLICT DO NOTHING;
INSERT INTO materias VALUES ('ESP-CS-02','Criptografia Aplicada',10,5,'Redes') ON CONFLICT DO NOTHING;
INSERT INTO materias VALUES ('ESP-CS-03','Hacking Etico',10,5,'Redes') ON CONFLICT DO NOTHING;
INSERT INTO materias VALUES ('ESP-CS-04','Forense Digital',10,5,'Redes') ON CONFLICT DO NOTHING;
INSERT INTO materias VALUES ('ESP-CS-05','Seguridad en Aplicaciones Web',10,5,'Redes') ON CONFLICT DO NOTHING;

-- ============================================================
-- SERIACIONES
-- ============================================================
INSERT INTO seriaciones VALUES ('S1-01','S2-01') ON CONFLICT DO NOTHING;
INSERT INTO seriaciones VALUES ('S1-02','S2-02') ON CONFLICT DO NOTHING;
INSERT INTO seriaciones VALUES ('S1-04','S6-01') ON CONFLICT DO NOTHING;
INSERT INTO seriaciones VALUES ('S1-06','S7-03') ON CONFLICT DO NOTHING;
INSERT INTO seriaciones VALUES ('S2-01','S3-01') ON CONFLICT DO NOTHING;
INSERT INTO seriaciones VALUES ('S2-02','S3-02') ON CONFLICT DO NOTHING;
INSERT INTO seriaciones VALUES ('S2-05','S3-01') ON CONFLICT DO NOTHING;
INSERT INTO seriaciones VALUES ('S2-06','S3-04') ON CONFLICT DO NOTHING;
INSERT INTO seriaciones VALUES ('S3-01','S4-01') ON CONFLICT DO NOTHING;
INSERT INTO seriaciones VALUES ('S3-02','S4-03') ON CONFLICT DO NOTHING;
INSERT INTO seriaciones VALUES ('S3-03','S5-05') ON CONFLICT DO NOTHING;
INSERT INTO seriaciones VALUES ('S3-04','S5-04') ON CONFLICT DO NOTHING;
INSERT INTO seriaciones VALUES ('S3-05','S4-05') ON CONFLICT DO NOTHING;
INSERT INTO seriaciones VALUES ('S4-04','S5-03') ON CONFLICT DO NOTHING;
INSERT INTO seriaciones VALUES ('S4-06','S5-06') ON CONFLICT DO NOTHING;
INSERT INTO seriaciones VALUES ('S5-02','S6-02') ON CONFLICT DO NOTHING;
INSERT INTO seriaciones VALUES ('S5-03','S6-03') ON CONFLICT DO NOTHING;
INSERT INTO seriaciones VALUES ('S5-05','S6-05') ON CONFLICT DO NOTHING;
INSERT INTO seriaciones VALUES ('S5-06','S6-06') ON CONFLICT DO NOTHING;
INSERT INTO seriaciones VALUES ('S6-01','S7-01') ON CONFLICT DO NOTHING;
INSERT INTO seriaciones VALUES ('S6-02','S7-02') ON CONFLICT DO NOTHING;
INSERT INTO seriaciones VALUES ('S6-05','S7-04') ON CONFLICT DO NOTHING;
INSERT INTO seriaciones VALUES ('S6-06','S7-05') ON CONFLICT DO NOTHING;
INSERT INTO seriaciones VALUES ('S7-02','S8-02') ON CONFLICT DO NOTHING;
INSERT INTO seriaciones VALUES ('S7-03','S8-03') ON CONFLICT DO NOTHING;
INSERT INTO seriaciones VALUES ('S7-05','S8-01') ON CONFLICT DO NOTHING;

-- ============================================================
-- ESTUDIANTES
-- ============================================================
INSERT INTO estudiantes VALUES ('22111326','Alejandro','Ortiz','2f7f15d0bb83b97a7ce3054be0972e80b60742cfc8b4c36ce06f3330f6f045c6',5,'IA',0.0,0.0,0.0,0.0,0.0,0.0,0.0) ON CONFLICT DO NOTHING;
INSERT INTO estudiantes VALUES ('22216739','Carlos','Aguilar','5fe46e04994d11413f7a0b17bb2e12cb4ce78b5bd2770a9242dc465a50baa18f',3,'IA',0.0,0.0,0.0,0.0,0.0,0.0,0.0) ON CONFLICT DO NOTHING;
INSERT INTO estudiantes VALUES ('20629903','Alejandra','Garcia','df3c5a3eab925a314bfab4065c357c33cefff08fe1e4bd9fd470ed94500a37aa',7,'General',100.0,0.0,100.0,100.0,0.0,0.0,100.0) ON CONFLICT DO NOTHING;
INSERT INTO estudiantes VALUES ('21391369','Diego','Hernandez','7ffc04e52e2e7c6b67b3713613899289bc2de48f7f7a7b067db6a5d37f9fda3c',2,'IA',0.0,0.0,0.0,0.0,0.0,0.0,0.0) ON CONFLICT DO NOTHING;
INSERT INTO estudiantes VALUES ('21182627','Laura','Flores','b3e23bcee2ccb38ffed1a3e7caebfe00af8874a3e6dacf9cd051b04d7e55b10c',6,'IA',0.0,0.0,0.0,0.0,0.0,0.0,0.0) ON CONFLICT DO NOTHING;
INSERT INTO estudiantes VALUES ('21575435','Oscar','Morales','09a0dcb0bb26cd0c32ac0bb6b0d76dc68e7c3df0edd9a8093019d1ddc54113ab',4,'Ciberseguridad',100.0,100.0,100.0,100.0,100.0,0.0,100.0) ON CONFLICT DO NOTHING;
INSERT INTO estudiantes VALUES ('20584714','Ricardo','Torres','ba60a05324e37884704580e5a1bb4babe0dd0f947164ec11962e7f8aa61898b1',7,'Ciberseguridad',100.0,100.0,100.0,0.0,100.0,100.0,100.0) ON CONFLICT DO NOTHING;
INSERT INTO estudiantes VALUES ('22852787','Jorge','Hernandez','b0cd949d2a173a3991c80f14d32158ee2379e304c8839a052d921b6f08f5ebf0',5,'General',100.0,0.0,100.0,0.0,0.0,100.0,100.0) ON CONFLICT DO NOTHING;
INSERT INTO estudiantes VALUES ('22518801','Mariana','Ramirez','c5309ec2caf7b6699ceef86b1c46f72e9fbbdbc22a431dc61407d3aee2b831f2',6,'Ciberseguridad',0.0,0.0,0.0,100.0,100.0,100.0,0.0) ON CONFLICT DO NOTHING;
INSERT INTO estudiantes VALUES ('21724834','Eduardo','Castro','77c53fd8faa9cd5a5b83136dbeba99155f5b9c5ef7098bf700d20cfe18e20219',6,'IA',0.0,0.0,100.0,0.0,0.0,0.0,0.0) ON CONFLICT DO NOTHING;
INSERT INTO estudiantes VALUES ('20575763','Carlos','Aguilar','b8dab8a0987fac0dbf072491bef9bbf13d09c12f0bc1db0b39d601f15e69e13d',6,'IA',0.0,0.0,0.0,100.0,0.0,0.0,0.0) ON CONFLICT DO NOTHING;
INSERT INTO estudiantes VALUES ('20665579','Abel','Castro','6ad4a6b1e5ea5569795e516d71909e0ce4809d9dc983d2c219144f684f816e12',6,'Ciberseguridad',100.0,0.0,100.0,100.0,100.0,100.0,100.0) ON CONFLICT DO NOTHING;
INSERT INTO estudiantes VALUES ('22182582','Miguel','Aguilar','92f2eca62b6d7b76d1b7e5d117a9387bd31b3665506751afd9f906b8f2e1a8e7',8,'IA',100.0,0.0,0.0,0.0,100.0,0.0,0.0) ON CONFLICT DO NOTHING;
INSERT INTO estudiantes VALUES ('22543692','Andres','Vargas','320c68a7652ebd0afd027fd6d07517f8b5341ac23f6fce03259f9a0f65114b7b',7,'Ciberseguridad',100.0,100.0,100.0,100.0,100.0,100.0,0.0) ON CONFLICT DO NOTHING;
INSERT INTO estudiantes VALUES ('20716886','Laura','Ramirez','d6882ad218ce73f74cb4374b3c86b8e3d3eba4715f3d3350590e680a09e970e8',2,'IA',0.0,0.0,0.0,0.0,0.0,0.0,0.0) ON CONFLICT DO NOTHING;
INSERT INTO estudiantes VALUES ('21324643','Laura','Rodriguez','6102effdcc3de43e410c83679178440ad75d323410a3d07620b5cd3fc11e3ea7',3,'Ciberseguridad',100.0,0.0,0.0,100.0,100.0,100.0,100.0) ON CONFLICT DO NOTHING;
INSERT INTO estudiantes VALUES ('22785197','Oscar','Gonzalez','8e71b24534e9f3fb3a71263359fed2b7ffb008265e0d34383e319f1b6f5c08f2',5,'General',100.0,0.0,0.0,0.0,0.0,100.0,0.0) ON CONFLICT DO NOTHING;
INSERT INTO estudiantes VALUES ('21292401','Luis','Ortiz','fd80a10108073b03702b9bc3c7c44ff6cd106b6e76782f18667db21eda832772',8,'IA',0.0,100.0,0.0,0.0,100.0,100.0,100.0) ON CONFLICT DO NOTHING;
INSERT INTO estudiantes VALUES ('20274389','Gabriela','Jimenez','92e939f8447b602bb5aec5a2f89806b4e1323659ea32597908ca59a31651c311',3,'Ciberseguridad',100.0,0.0,0.0,100.0,100.0,100.0,100.0) ON CONFLICT DO NOTHING;
INSERT INTO estudiantes VALUES ('22865990','Noe','Vargas','d630d3deb695e14786833eeb119c0b94f44447e85e463ed2f8611076b8fc9c2e',3,'IA',0.0,100.0,0.0,0.0,0.0,0.0,0.0) ON CONFLICT DO NOTHING;
INSERT INTO estudiantes VALUES ('22994141','Roberto','Perez','5c06e46c5e47cfacad16ce1e37f17c09fdbc7072c567613e0b8112173f688a65',6,'IA',100.0,0.0,0.0,100.0,0.0,100.0,0.0) ON CONFLICT DO NOTHING;
INSERT INTO estudiantes VALUES ('22723398','Sofia','Mendez','0d2625cc8c9515a19bd1e6fc5afa3e3922ac5b12c11c42ca2b760fe442261e50',5,'General',100.0,100.0,0.0,100.0,0.0,100.0,100.0) ON CONFLICT DO NOTHING;
INSERT INTO estudiantes VALUES ('20804318','Oscar','Flores','240571038c5050761742c59df31f1c2804300215576dae8994c97287f1e31c83',4,'IA',0.0,0.0,0.0,0.0,0.0,0.0,0.0) ON CONFLICT DO NOTHING;
INSERT INTO estudiantes VALUES ('21172132','Daniela','Morales','2cf01c072dae9a3a59bad694b32b5e90669fadba6f99d330e40cf6611327d18d',3,'Ciberseguridad',100.0,100.0,100.0,100.0,100.0,0.0,100.0) ON CONFLICT DO NOTHING;
INSERT INTO estudiantes VALUES ('21795613','Valeria','Rodriguez','b44e333111a02e63804eee5cbffff009e2b70492b27f5bfd82f69f151a2e8f13',2,'IA',0.0,0.0,0.0,0.0,0.0,0.0,100.0) ON CONFLICT DO NOTHING;
INSERT INTO estudiantes VALUES ('22612262','Luis','Martinez','25f9b3ab7e7d3634a79eab88d59a0b4592d42384900dfc10ecc481af5b8dfd3d',7,'Ciberseguridad',100.0,0.0,100.0,0.0,100.0,0.0,100.0) ON CONFLICT DO NOTHING;

-- ============================================================
-- CALIFICACIONES — alumno real (22111326)
-- ============================================================
INSERT INTO calificaciones (matricula,clave,calificacion) VALUES ('22111326','S1-01',95.7) ON CONFLICT DO NOTHING;
INSERT INTO calificaciones (matricula,clave,calificacion) VALUES ('22111326','S1-02',100) ON CONFLICT DO NOTHING;
INSERT INTO calificaciones (matricula,clave,calificacion) VALUES ('22111326','S1-03',64.3) ON CONFLICT DO NOTHING;
INSERT INTO calificaciones (matricula,clave,calificacion) VALUES ('22111326','S1-04',73.9) ON CONFLICT DO NOTHING;
INSERT INTO calificaciones (matricula,clave,calificacion) VALUES ('22111326','S1-05',60) ON CONFLICT DO NOTHING;
INSERT INTO calificaciones (matricula,clave,calificacion) VALUES ('22111326','S1-06',75.8) ON CONFLICT DO NOTHING;
INSERT INTO calificaciones (matricula,clave,calificacion) VALUES ('22111326','S1-07',66.4) ON CONFLICT DO NOTHING;
INSERT INTO calificaciones (matricula,clave,calificacion) VALUES ('22111326','S2-01',93.9) ON CONFLICT DO NOTHING;
INSERT INTO calificaciones (matricula,clave,calificacion) VALUES ('22111326','S2-02',100) ON CONFLICT DO NOTHING;
INSERT INTO calificaciones (matricula,clave,calificacion) VALUES ('22111326','S2-03',86.1) ON CONFLICT DO NOTHING;
INSERT INTO calificaciones (matricula,clave,calificacion) VALUES ('22111326','S2-04',79.2) ON CONFLICT DO NOTHING;
INSERT INTO calificaciones (matricula,clave,calificacion) VALUES ('22111326','S2-05',93.7) ON CONFLICT DO NOTHING;
INSERT INTO calificaciones (matricula,clave,calificacion) VALUES ('22111326','S2-06',88.6) ON CONFLICT DO NOTHING;
INSERT INTO calificaciones (matricula,clave,calificacion) VALUES ('22111326','S3-01',85.8) ON CONFLICT DO NOTHING;
INSERT INTO calificaciones (matricula,clave,calificacion) VALUES ('22111326','S3-02',100) ON CONFLICT DO NOTHING;
INSERT INTO calificaciones (matricula,clave,calificacion) VALUES ('22111326','S3-03',82.8) ON CONFLICT DO NOTHING;
INSERT INTO calificaciones (matricula,clave,calificacion) VALUES ('22111326','S3-04',68.3) ON CONFLICT DO NOTHING;
INSERT INTO calificaciones (matricula,clave,calificacion) VALUES ('22111326','S3-05',68.5) ON CONFLICT DO NOTHING;
INSERT INTO calificaciones (matricula,clave,calificacion) VALUES ('22111326','S3-06',73.2) ON CONFLICT DO NOTHING;
INSERT INTO calificaciones (matricula,clave,calificacion) VALUES ('22111326','S4-01',87.8) ON CONFLICT DO NOTHING;
INSERT INTO calificaciones (matricula,clave,calificacion) VALUES ('22111326','S4-02',98.7) ON CONFLICT DO NOTHING;
INSERT INTO calificaciones (matricula,clave,calificacion) VALUES ('22111326','S4-03',83.3) ON CONFLICT DO NOTHING;
INSERT INTO calificaciones (matricula,clave,calificacion) VALUES ('22111326','S4-04',71.8) ON CONFLICT DO NOTHING;
INSERT INTO calificaciones (matricula,clave,calificacion) VALUES ('22111326','S4-05',80.7) ON CONFLICT DO NOTHING;
INSERT INTO calificaciones (matricula,clave,calificacion) VALUES ('22111326','S4-06',89.3) ON CONFLICT DO NOTHING;
INSERT INTO calificaciones (matricula,clave,calificacion) VALUES ('22111326','S5-01',83.1) ON CONFLICT DO NOTHING;
INSERT INTO calificaciones (matricula,clave,calificacion) VALUES ('22111326','S5-02',80.3) ON CONFLICT DO NOTHING;
INSERT INTO calificaciones (matricula,clave,calificacion) VALUES ('22111326','S5-03',63.0) ON CONFLICT DO NOTHING;
INSERT INTO calificaciones (matricula,clave,calificacion) VALUES ('22111326','S5-04',65.2) ON CONFLICT DO NOTHING;
INSERT INTO calificaciones (matricula,clave,calificacion) VALUES ('22111326','S5-05',63.7) ON CONFLICT DO NOTHING;
INSERT INTO calificaciones (matricula,clave,calificacion) VALUES ('22111326','S5-06',82.0) ON CONFLICT DO NOTHING;

-- ============================================================
-- CALIFICACIONES — 25 estudiantes ficticios
-- ============================================================
INSERT INTO calificaciones (matricula,clave,calificacion) VALUES ('22216739','S1-01',83.3) ON CONFLICT DO NOTHING;
INSERT INTO calificaciones (matricula,clave,calificacion) VALUES ('22216739','S1-02',98.5) ON CONFLICT DO NOTHING;
INSERT INTO calificaciones (matricula,clave,calificacion) VALUES ('22216739','S1-03',66.2) ON CONFLICT DO NOTHING;
INSERT INTO calificaciones (matricula,clave,calificacion) VALUES ('22216739','S1-04',76.6) ON CONFLICT DO NOTHING;
INSERT INTO calificaciones (matricula,clave,calificacion) VALUES ('22216739','S1-05',72.5) ON CONFLICT DO NOTHING;
INSERT INTO calificaciones (matricula,clave,calificacion) VALUES ('22216739','S1-06',70.0) ON CONFLICT DO NOTHING;
INSERT INTO calificaciones (matricula,clave,calificacion) VALUES ('22216739','S1-07',71.9) ON CONFLICT DO NOTHING;
INSERT INTO calificaciones (matricula,clave,calificacion) VALUES ('22216739','S2-01',84.3) ON CONFLICT DO NOTHING;
INSERT INTO calificaciones (matricula,clave,calificacion) VALUES ('22216739','S2-02',96.5) ON CONFLICT DO NOTHING;
INSERT INTO calificaciones (matricula,clave,calificacion) VALUES ('22216739','S2-03',65.1) ON CONFLICT DO NOTHING;
INSERT INTO calificaciones (matricula,clave,calificacion) VALUES ('22216739','S2-04',82.5) ON CONFLICT DO NOTHING;
INSERT INTO calificaciones (matricula,clave,calificacion) VALUES ('22216739','S2-05',90.0) ON CONFLICT DO NOTHING;
INSERT INTO calificaciones (matricula,clave,calificacion) VALUES ('22216739','S2-06',80.9) ON CONFLICT DO NOTHING;
INSERT INTO calificaciones (matricula,clave,calificacion) VALUES ('22216739','S3-01',79.1) ON CONFLICT DO NOTHING;
INSERT INTO calificaciones (matricula,clave,calificacion) VALUES ('22216739','S3-02',62.6) ON CONFLICT DO NOTHING;
INSERT INTO calificaciones (matricula,clave,calificacion) VALUES ('22216739','S3-03',69.5) ON CONFLICT DO NOTHING;
INSERT INTO calificaciones (matricula,clave,calificacion) VALUES ('22216739','S3-04',69.0) ON CONFLICT DO NOTHING;
INSERT INTO calificaciones (matricula,clave,calificacion) VALUES ('22216739','S3-05',68.6) ON CONFLICT DO NOTHING;
INSERT INTO calificaciones (matricula,clave,calificacion) VALUES ('22216739','S3-06',66.6) ON CONFLICT DO NOTHING;
INSERT INTO calificaciones (matricula,clave,calificacion) VALUES ('20865179','S1-01',88.2) ON CONFLICT DO NOTHING;
INSERT INTO calificaciones (matricula,clave,calificacion) VALUES ('20865179','S1-02',86.1) ON CONFLICT DO NOTHING;
INSERT INTO calificaciones (matricula,clave,calificacion) VALUES ('20865179','S1-03',84.5) ON CONFLICT DO NOTHING;
INSERT INTO calificaciones (matricula,clave,calificacion) VALUES ('20865179','S1-04',87.7) ON CONFLICT DO NOTHING;
INSERT INTO calificaciones (matricula,clave,calificacion) VALUES ('20865179','S1-05',77.8) ON CONFLICT DO NOTHING;
INSERT INTO calificaciones (matricula,clave,calificacion) VALUES ('20865179','S1-06',83.2) ON CONFLICT DO NOTHING;
INSERT INTO calificaciones (matricula,clave,calificacion) VALUES ('20865179','S1-07',81.8) ON CONFLICT DO NOTHING;
INSERT INTO calificaciones (matricula,clave,calificacion) VALUES ('20865179','S2-01',76.4) ON CONFLICT DO NOTHING;
INSERT INTO calificaciones (matricula,clave,calificacion) VALUES ('20865179','S2-02',77.8) ON CONFLICT DO NOTHING;
INSERT INTO calificaciones (matricula,clave,calificacion) VALUES ('20865179','S2-03',71.2) ON CONFLICT DO NOTHING;
INSERT INTO calificaciones (matricula,clave,calificacion) VALUES ('20865179','S2-04',82.0) ON CONFLICT DO NOTHING;
INSERT INTO calificaciones (matricula,clave,calificacion) VALUES ('20865179','S2-05',79.7) ON CONFLICT DO NOTHING;
INSERT INTO calificaciones (matricula,clave,calificacion) VALUES ('20865179','S2-06',100) ON CONFLICT DO NOTHING;
INSERT INTO calificaciones (matricula,clave,calificacion) VALUES ('20865179','S3-01',74.6) ON CONFLICT DO NOTHING;
INSERT INTO calificaciones (matricula,clave,calificacion) VALUES ('20865179','S3-02',74.0) ON CONFLICT DO NOTHING;
INSERT INTO calificaciones (matricula,clave,calificacion) VALUES ('20865179','S3-03',81.1) ON CONFLICT DO NOTHING;
INSERT INTO calificaciones (matricula,clave,calificacion) VALUES ('20865179','S3-04',86.4) ON CONFLICT DO NOTHING;
INSERT INTO calificaciones (matricula,clave,calificacion) VALUES ('20865179','S3-05',78.0) ON CONFLICT DO NOTHING;
INSERT INTO calificaciones (matricula,clave,calificacion) VALUES ('20865179','S3-06',84.7) ON CONFLICT DO NOTHING;
INSERT INTO calificaciones (matricula,clave,calificacion) VALUES ('20865179','S4-01',94.8) ON CONFLICT DO NOTHING;
INSERT INTO calificaciones (matricula,clave,calificacion) VALUES ('20865179','S4-02',81.2) ON CONFLICT DO NOTHING;
INSERT INTO calificaciones (matricula,clave,calificacion) VALUES ('20865179','S4-03',70.8) ON CONFLICT DO NOTHING;
INSERT INTO calificaciones (matricula,clave,calificacion) VALUES ('20865179','S4-04',75.7) ON CONFLICT DO NOTHING;
INSERT INTO calificaciones (matricula,clave,calificacion) VALUES ('20865179','S4-05',81.6) ON CONFLICT DO NOTHING;
INSERT INTO calificaciones (matricula,clave,calificacion) VALUES ('20865179','S4-06',62.5) ON CONFLICT DO NOTHING;
INSERT INTO calificaciones (matricula,clave,calificacion) VALUES ('20865179','S5-01',65.7) ON CONFLICT DO NOTHING;
INSERT INTO calificaciones (matricula,clave,calificacion) VALUES ('20865179','S5-02',60.8) ON CONFLICT DO NOTHING;
INSERT INTO calificaciones (matricula,clave,calificacion) VALUES ('20865179','S5-03',67.9) ON CONFLICT DO NOTHING;
INSERT INTO calificaciones (matricula,clave,calificacion) VALUES ('20865179','S5-04',66.7) ON CONFLICT DO NOTHING;
INSERT INTO calificaciones (matricula,clave,calificacion) VALUES ('20865179','S5-05',65.3) ON CONFLICT DO NOTHING;
INSERT INTO calificaciones (matricula,clave,calificacion) VALUES ('20865179','S5-06',83.6) ON CONFLICT DO NOTHING;
INSERT INTO calificaciones (matricula,clave,calificacion) VALUES ('22429963','S1-01',79.7) ON CONFLICT DO NOTHING;
INSERT INTO calificaciones (matricula,clave,calificacion) VALUES ('22429963','S1-02',66.0) ON CONFLICT DO NOTHING;
INSERT INTO calificaciones (matricula,clave,calificacion) VALUES ('22429963','S1-03',82.6) ON CONFLICT DO NOTHING;
INSERT INTO calificaciones (matricula,clave,calificacion) VALUES ('22429963','S1-04',100) ON CONFLICT DO NOTHING;
INSERT INTO calificaciones (matricula,clave,calificacion) VALUES ('22429963','S1-05',69.6) ON CONFLICT DO NOTHING;
INSERT INTO calificaciones (matricula,clave,calificacion) VALUES ('22429963','S1-06',75.7) ON CONFLICT DO NOTHING;
INSERT INTO calificaciones (matricula,clave,calificacion) VALUES ('22429963','S1-07',80.6) ON CONFLICT DO NOTHING;
INSERT INTO calificaciones (matricula,clave,calificacion) VALUES ('22429963','S2-01',71.7) ON CONFLICT DO NOTHING;
INSERT INTO calificaciones (matricula,clave,calificacion) VALUES ('22429963','S2-02',60) ON CONFLICT DO NOTHING;
INSERT INTO calificaciones (matricula,clave,calificacion) VALUES ('22429963','S2-03',61.3) ON CONFLICT DO NOTHING;
INSERT INTO calificaciones (matricula,clave,calificacion) VALUES ('22429963','S2-04',72.8) ON CONFLICT DO NOTHING;
INSERT INTO calificaciones (matricula,clave,calificacion) VALUES ('22429963','S2-05',72.0) ON CONFLICT DO NOTHING;
INSERT INTO calificaciones (matricula,clave,calificacion) VALUES ('22429963','S2-06',60) ON CONFLICT DO NOTHING;
INSERT INTO calificaciones (matricula,clave,calificacion) VALUES ('22429963','S3-01',97.1) ON CONFLICT DO NOTHING;
INSERT INTO calificaciones (matricula,clave,calificacion) VALUES ('22429963','S3-02',60) ON CONFLICT DO NOTHING;
INSERT INTO calificaciones (matricula,clave,calificacion) VALUES ('22429963','S3-03',69.2) ON CONFLICT DO NOTHING;
INSERT INTO calificaciones (matricula,clave,calificacion) VALUES ('22429963','S3-04',75.0) ON CONFLICT DO NOTHING;
INSERT INTO calificaciones (matricula,clave,calificacion) VALUES ('22429963','S3-05',70.8) ON CONFLICT DO NOTHING;
INSERT INTO calificaciones (matricula,clave,calificacion) VALUES ('22429963','S3-06',73.2) ON CONFLICT DO NOTHING;
INSERT INTO calificaciones (matricula,clave,calificacion) VALUES ('22429963','S4-01',60) ON CONFLICT DO NOTHING;
INSERT INTO calificaciones (matricula,clave,calificacion) VALUES ('22429963','S4-02',60.8) ON CONFLICT DO NOTHING;
INSERT INTO calificaciones (matricula,clave,calificacion) VALUES ('22429963','S4-03',70.2) ON CONFLICT DO NOTHING;
INSERT INTO calificaciones (matricula,clave,calificacion) VALUES ('22429963','S4-04',70.2) ON CONFLICT DO NOTHING;
INSERT INTO calificaciones (matricula,clave,calificacion) VALUES ('22429963','S4-05',68.2) ON CONFLICT DO NOTHING;
INSERT INTO calificaciones (matricula,clave,calificacion) VALUES ('22429963','S4-06',61.9) ON CONFLICT DO NOTHING;
INSERT INTO calificaciones (matricula,clave,calificacion) VALUES ('22429963','S5-01',83.8) ON CONFLICT DO NOTHING;
INSERT INTO calificaciones (matricula,clave,calificacion) VALUES ('22429963','S5-02',81.9) ON CONFLICT DO NOTHING;
INSERT INTO calificaciones (matricula,clave,calificacion) VALUES ('22429963','S5-03',66.6) ON CONFLICT DO NOTHING;
INSERT INTO calificaciones (matricula,clave,calificacion) VALUES ('22429963','S5-04',72.5) ON CONFLICT DO NOTHING;
INSERT INTO calificaciones (matricula,clave,calificacion) VALUES ('22429963','S5-05',64.5) ON CONFLICT DO NOTHING;
INSERT INTO calificaciones (matricula,clave,calificacion) VALUES ('22429963','S5-06',82.8) ON CONFLICT DO NOTHING;
INSERT INTO calificaciones (matricula,clave,calificacion) VALUES ('22412942','S1-01',85.9) ON CONFLICT DO NOTHING;
INSERT INTO calificaciones (matricula,clave,calificacion) VALUES ('22412942','S1-02',100) ON CONFLICT DO NOTHING;
INSERT INTO calificaciones (matricula,clave,calificacion) VALUES ('22412942','S1-03',80.2) ON CONFLICT DO NOTHING;
INSERT INTO calificaciones (matricula,clave,calificacion) VALUES ('22412942','S1-04',94.3) ON CONFLICT DO NOTHING;
INSERT INTO calificaciones (matricula,clave,calificacion) VALUES ('22412942','S1-05',64.6) ON CONFLICT DO NOTHING;
INSERT INTO calificaciones (matricula,clave,calificacion) VALUES ('22412942','S1-06',77.0) ON CONFLICT DO NOTHING;
INSERT INTO calificaciones (matricula,clave,calificacion) VALUES ('22412942','S1-07',80.6) ON CONFLICT DO NOTHING;
INSERT INTO calificaciones (matricula,clave,calificacion) VALUES ('22412942','S2-01',97.7) ON CONFLICT DO NOTHING;
INSERT INTO calificaciones (matricula,clave,calificacion) VALUES ('22412942','S2-02',68.2) ON CONFLICT DO NOTHING;
INSERT INTO calificaciones (matricula,clave,calificacion) VALUES ('22412942','S2-03',82.9) ON CONFLICT DO NOTHING;
INSERT INTO calificaciones (matricula,clave,calificacion) VALUES ('22412942','S2-04',82.7) ON CONFLICT DO NOTHING;
INSERT INTO calificaciones (matricula,clave,calificacion) VALUES ('22412942','S2-05',95.8) ON CONFLICT DO NOTHING;
INSERT INTO calificaciones (matricula,clave,calificacion) VALUES ('22412942','S2-06',88.4) ON CONFLICT DO NOTHING;
INSERT INTO calificaciones (matricula,clave,calificacion) VALUES ('22412942','S3-01',82.5) ON CONFLICT DO NOTHING;
INSERT INTO calificaciones (matricula,clave,calificacion) VALUES ('22412942','S3-02',79.8) ON CONFLICT DO NOTHING;
INSERT INTO calificaciones (matricula,clave,calificacion) VALUES ('22412942','S3-03',65.0) ON CONFLICT DO NOTHING;
INSERT INTO calificaciones (matricula,clave,calificacion) VALUES ('22412942','S3-04',76.6) ON CONFLICT DO NOTHING;
INSERT INTO calificaciones (matricula,clave,calificacion) VALUES ('22412942','S3-05',72.5) ON CONFLICT DO NOTHING;
INSERT INTO calificaciones (matricula,clave,calificacion) VALUES ('22412942','S3-06',94.2) ON CONFLICT DO NOTHING;
INSERT INTO calificaciones (matricula,clave,calificacion) VALUES ('22412942','S4-01',76.5) ON CONFLICT DO NOTHING;
INSERT INTO calificaciones (matricula,clave,calificacion) VALUES ('22412942','S4-02',84.9) ON CONFLICT DO NOTHING;
INSERT INTO calificaciones (matricula,clave,calificacion) VALUES ('22412942','S4-03',69.3) ON CONFLICT DO NOTHING;
INSERT INTO calificaciones (matricula,clave,calificacion) VALUES ('22412942','S4-04',76.8) ON CONFLICT DO NOTHING;
INSERT INTO calificaciones (matricula,clave,calificacion) VALUES ('22412942','S4-05',76.1) ON CONFLICT DO NOTHING;
INSERT INTO calificaciones (matricula,clave,calificacion) VALUES ('22412942','S4-06',80.6) ON CONFLICT DO NOTHING;
INSERT INTO calificaciones (matricula,clave,calificacion) VALUES ('22412942','S5-01',86.6) ON CONFLICT DO NOTHING;
INSERT INTO calificaciones (matricula,clave,calificacion) VALUES ('22412942','S5-02',71.6) ON CONFLICT DO NOTHING;
INSERT INTO calificaciones (matricula,clave,calificacion) VALUES ('22412942','S5-03',71.1) ON CONFLICT DO NOTHING;
INSERT INTO calificaciones (matricula,clave,calificacion) VALUES ('22412942','S5-04',78.7) ON CONFLICT DO NOTHING;
INSERT INTO calificaciones (matricula,clave,calificacion) VALUES ('22412942','S5-05',79.1) ON CONFLICT DO NOTHING;
INSERT INTO calificaciones (matricula,clave,calificacion) VALUES ('22412942','S5-06',77.9) ON CONFLICT DO NOTHING;
INSERT INTO calificaciones (matricula,clave,calificacion) VALUES ('22412942','S6-01',68.5) ON CONFLICT DO NOTHING;
INSERT INTO calificaciones (matricula,clave,calificacion) VALUES ('22412942','S6-02',74.7) ON CONFLICT DO NOTHING;
INSERT INTO calificaciones (matricula,clave,calificacion) VALUES ('22412942','S6-03',65.8) ON CONFLICT DO NOTHING;
INSERT INTO calificaciones (matricula,clave,calificacion) VALUES ('22412942','S6-04',65.5) ON CONFLICT DO NOTHING;
INSERT INTO calificaciones (matricula,clave,calificacion) VALUES ('22412942','S6-05',61.8) ON CONFLICT DO NOTHING;
INSERT INTO calificaciones (matricula,clave,calificacion) VALUES ('22412942','S6-06',75.8) ON CONFLICT DO NOTHING;
INSERT INTO calificaciones (matricula,clave,calificacion) VALUES ('22412942','S6-07',65.7) ON CONFLICT DO NOTHING;
INSERT INTO calificaciones (matricula,clave,calificacion) VALUES ('20446479','S1-01',72.0) ON CONFLICT DO NOTHING;
INSERT INTO calificaciones (matricula,clave,calificacion) VALUES ('20446479','S1-02',76.2) ON CONFLICT DO NOTHING;
INSERT INTO calificaciones (matricula,clave,calificacion) VALUES ('20446479','S1-03',66.5) ON CONFLICT DO NOTHING;
INSERT INTO calificaciones (matricula,clave,calificacion) VALUES ('20446479','S1-04',75.3) ON CONFLICT DO NOTHING;
INSERT INTO calificaciones (matricula,clave,calificacion) VALUES ('20446479','S1-05',60) ON CONFLICT DO NOTHING;
INSERT INTO calificaciones (matricula,clave,calificacion) VALUES ('20446479','S1-06',79.3) ON CONFLICT DO NOTHING;
INSERT INTO calificaciones (matricula,clave,calificacion) VALUES ('20446479','S1-07',62.7) ON CONFLICT DO NOTHING;
INSERT INTO calificaciones (matricula,clave,calificacion) VALUES ('20446479','S2-01',60) ON CONFLICT DO NOTHING;
INSERT INTO calificaciones (matricula,clave,calificacion) VALUES ('20446479','S2-02',80.3) ON CONFLICT DO NOTHING;
INSERT INTO calificaciones (matricula,clave,calificacion) VALUES ('20446479','S2-03',79.9) ON CONFLICT DO NOTHING;
INSERT INTO calificaciones (matricula,clave,calificacion) VALUES ('20446479','S2-04',65.4) ON CONFLICT DO NOTHING;
INSERT INTO calificaciones (matricula,clave,calificacion) VALUES ('20446479','S2-05',90.2) ON CONFLICT DO NOTHING;
INSERT INTO calificaciones (matricula,clave,calificacion) VALUES ('20446479','S2-06',70.1) ON CONFLICT DO NOTHING;
INSERT INTO calificaciones (matricula,clave,calificacion) VALUES ('20446479','S3-01',77.8) ON CONFLICT DO NOTHING;
INSERT INTO calificaciones (matricula,clave,calificacion) VALUES ('20446479','S3-02',62.1) ON CONFLICT DO NOTHING;
INSERT INTO calificaciones (matricula,clave,calificacion) VALUES ('20446479','S3-03',77.3) ON CONFLICT DO NOTHING;
INSERT INTO calificaciones (matricula,clave,calificacion) VALUES ('20446479','S3-04',72.6) ON CONFLICT DO NOTHING;
INSERT INTO calificaciones (matricula,clave,calificacion) VALUES ('20446479','S3-05',79.5) ON CONFLICT DO NOTHING;
INSERT INTO calificaciones (matricula,clave,calificacion) VALUES ('20446479','S3-06',85.6) ON CONFLICT DO NOTHING;
INSERT INTO calificaciones (matricula,clave,calificacion) VALUES ('20446479','S4-01',81.5) ON CONFLICT DO NOTHING;
INSERT INTO calificaciones (matricula,clave,calificacion) VALUES ('20446479','S4-02',73.8) ON CONFLICT DO NOTHING;
INSERT INTO calificaciones (matricula,clave,calificacion) VALUES ('20446479','S4-03',61.3) ON CONFLICT DO NOTHING;
INSERT INTO calificaciones (matricula,clave,calificacion) VALUES ('20446479','S4-04',85.0) ON CONFLICT DO NOTHING;
INSERT INTO calificaciones (matricula,clave,calificacion) VALUES ('20446479','S4-05',80.9) ON CONFLICT DO NOTHING;
INSERT INTO calificaciones (matricula,clave,calificacion) VALUES ('20446479','S4-06',84.2) ON CONFLICT DO NOTHING;
INSERT INTO calificaciones (matricula,clave,calificacion) VALUES ('20274389','S1-01',69.5) ON CONFLICT DO NOTHING;
INSERT INTO calificaciones (matricula,clave,calificacion) VALUES ('20274389','S1-02',73.7) ON CONFLICT DO NOTHING;
INSERT INTO calificaciones (matricula,clave,calificacion) VALUES ('20274389','S1-03',65.8) ON CONFLICT DO NOTHING;
INSERT INTO calificaciones (matricula,clave,calificacion) VALUES ('20274389','S1-04',76.8) ON CONFLICT DO NOTHING;
INSERT INTO calificaciones (matricula,clave,calificacion) VALUES ('20274389','S1-05',63.5) ON CONFLICT DO NOTHING;
INSERT INTO calificaciones (matricula,clave,calificacion) VALUES ('20274389','S1-06',72.8) ON CONFLICT DO NOTHING;
INSERT INTO calificaciones (matricula,clave,calificacion) VALUES ('20274389','S1-07',78.4) ON CONFLICT DO NOTHING;
INSERT INTO calificaciones (matricula,clave,calificacion) VALUES ('20274389','S2-01',74.6) ON CONFLICT DO NOTHING;
INSERT INTO calificaciones (matricula,clave,calificacion) VALUES ('20274389','S2-02',80.7) ON CONFLICT DO NOTHING;
INSERT INTO calificaciones (matricula,clave,calificacion) VALUES ('20274389','S2-03',74.7) ON CONFLICT DO NOTHING;
INSERT INTO calificaciones (matricula,clave,calificacion) VALUES ('20274389','S2-04',75.2) ON CONFLICT DO NOTHING;
INSERT INTO calificaciones (matricula,clave,calificacion) VALUES ('20274389','S2-05',72.9) ON CONFLICT DO NOTHING;
INSERT INTO calificaciones (matricula,clave,calificacion) VALUES ('20274389','S2-06',76.7) ON CONFLICT DO NOTHING;
INSERT INTO calificaciones (matricula,clave,calificacion) VALUES ('20274389','S3-01',71.9) ON CONFLICT DO NOTHING;
INSERT INTO calificaciones (matricula,clave,calificacion) VALUES ('20274389','S3-02',83.0) ON CONFLICT DO NOTHING;
INSERT INTO calificaciones (matricula,clave,calificacion) VALUES ('20274389','S3-03',73.3) ON CONFLICT DO NOTHING;
INSERT INTO calificaciones (matricula,clave,calificacion) VALUES ('20274389','S3-04',61.4) ON CONFLICT DO NOTHING;
INSERT INTO calificaciones (matricula,clave,calificacion) VALUES ('20274389','S3-05',72.7) ON CONFLICT DO NOTHING;
INSERT INTO calificaciones (matricula,clave,calificacion) VALUES ('20274389','S3-06',81.3) ON CONFLICT DO NOTHING;
INSERT INTO calificaciones (matricula,clave,calificacion) VALUES ('20723939','S1-01',79.2) ON CONFLICT DO NOTHING;
INSERT INTO calificaciones (matricula,clave,calificacion) VALUES ('20723939','S1-02',92.1) ON CONFLICT DO NOTHING;
INSERT INTO calificaciones (matricula,clave,calificacion) VALUES ('20723939','S1-03',74.6) ON CONFLICT DO NOTHING;
INSERT INTO calificaciones (matricula,clave,calificacion) VALUES ('20723939','S1-04',75.2) ON CONFLICT DO NOTHING;
INSERT INTO calificaciones (matricula,clave,calificacion) VALUES ('20723939','S1-05',74.6) ON CONFLICT DO NOTHING;
INSERT INTO calificaciones (matricula,clave,calificacion) VALUES ('20723939','S1-06',82.2) ON CONFLICT DO NOTHING;
INSERT INTO calificaciones (matricula,clave,calificacion) VALUES ('20723939','S1-07',72.6) ON CONFLICT DO NOTHING;
INSERT INTO calificaciones (matricula,clave,calificacion) VALUES ('20723939','S2-01',74.1) ON CONFLICT DO NOTHING;
INSERT INTO calificaciones (matricula,clave,calificacion) VALUES ('20723939','S2-02',100) ON CONFLICT DO NOTHING;
INSERT INTO calificaciones (matricula,clave,calificacion) VALUES ('20723939','S2-03',66.9) ON CONFLICT DO NOTHING;
INSERT INTO calificaciones (matricula,clave,calificacion) VALUES ('20723939','S2-04',89.1) ON CONFLICT DO NOTHING;
INSERT INTO calificaciones (matricula,clave,calificacion) VALUES ('20723939','S2-05',82.7) ON CONFLICT DO NOTHING;
INSERT INTO calificaciones (matricula,clave,calificacion) VALUES ('20723939','S2-06',78.2) ON CONFLICT DO NOTHING;
INSERT INTO calificaciones (matricula,clave,calificacion) VALUES ('20723939','S3-01',80.4) ON CONFLICT DO NOTHING;
INSERT INTO calificaciones (matricula,clave,calificacion) VALUES ('20723939','S3-02',73.5) ON CONFLICT DO NOTHING;
INSERT INTO calificaciones (matricula,clave,calificacion) VALUES ('20723939','S3-03',72.8) ON CONFLICT DO NOTHING;
INSERT INTO calificaciones (matricula,clave,calificacion) VALUES ('20723939','S3-04',80.0) ON CONFLICT DO NOTHING;
INSERT INTO calificaciones (matricula,clave,calificacion) VALUES ('20723939','S3-05',79.5) ON CONFLICT DO NOTHING;
INSERT INTO calificaciones (matricula,clave,calificacion) VALUES ('20723939','S3-06',83.4) ON CONFLICT DO NOTHING;
INSERT INTO calificaciones (matricula,clave,calificacion) VALUES ('20723939','S4-01',84.8) ON CONFLICT DO NOTHING;
INSERT INTO calificaciones (matricula,clave,calificacion) VALUES ('20723939','S4-02',79.9) ON CONFLICT DO NOTHING;
INSERT INTO calificaciones (matricula,clave,calificacion) VALUES ('20723939','S4-03',95.5) ON CONFLICT DO NOTHING;
INSERT INTO calificaciones (matricula,clave,calificacion) VALUES ('20723939','S4-04',73.5) ON CONFLICT DO NOTHING;
INSERT INTO calificaciones (matricula,clave,calificacion) VALUES ('20723939','S4-05',72.2) ON CONFLICT DO NOTHING;
INSERT INTO calificaciones (matricula,clave,calificacion) VALUES ('20723939','S4-06',88.4) ON CONFLICT DO NOTHING;
INSERT INTO calificaciones (matricula,clave,calificacion) VALUES ('20723939','S5-01',73.2) ON CONFLICT DO NOTHING;
INSERT INTO calificaciones (matricula,clave,calificacion) VALUES ('20723939','S5-02',76.7) ON CONFLICT DO NOTHING;
INSERT INTO calificaciones (matricula,clave,calificacion) VALUES ('20723939','S5-03',73.9) ON CONFLICT DO NOTHING;
INSERT INTO calificaciones (matricula,clave,calificacion) VALUES ('20723939','S5-04',83.3) ON CONFLICT DO NOTHING;
INSERT INTO calificaciones (matricula,clave,calificacion) VALUES ('20723939','S5-05',62.6) ON CONFLICT DO NOTHING;
INSERT INTO calificaciones (matricula,clave,calificacion) VALUES ('20723939','S5-06',82.0) ON CONFLICT DO NOTHING;
INSERT INTO calificaciones (matricula,clave,calificacion) VALUES ('21221035','S1-01',72.3) ON CONFLICT DO NOTHING;
INSERT INTO calificaciones (matricula,clave,calificacion) VALUES ('21221035','S1-02',80.0) ON CONFLICT DO NOTHING;
INSERT INTO calificaciones (matricula,clave,calificacion) VALUES ('21221035','S1-03',75.1) ON CONFLICT DO NOTHING;
INSERT INTO calificaciones (matricula,clave,calificacion) VALUES ('21221035','S1-04',67.6) ON CONFLICT DO NOTHING;
INSERT INTO calificaciones (matricula,clave,calificacion) VALUES ('21221035','S1-05',78.0) ON CONFLICT DO NOTHING;
INSERT INTO calificaciones (matricula,clave,calificacion) VALUES ('21221035','S1-06',91.7) ON CONFLICT DO NOTHING;
INSERT INTO calificaciones (matricula,clave,calificacion) VALUES ('21221035','S1-07',78.3) ON CONFLICT DO NOTHING;
INSERT INTO calificaciones (matricula,clave,calificacion) VALUES ('21221035','S2-01',69.4) ON CONFLICT DO NOTHING;
INSERT INTO calificaciones (matricula,clave,calificacion) VALUES ('21221035','S2-02',73.3) ON CONFLICT DO NOTHING;
INSERT INTO calificaciones (matricula,clave,calificacion) VALUES ('21221035','S2-03',74.4) ON CONFLICT DO NOTHING;
INSERT INTO calificaciones (matricula,clave,calificacion) VALUES ('21221035','S2-04',67.9) ON CONFLICT DO NOTHING;
INSERT INTO calificaciones (matricula,clave,calificacion) VALUES ('21221035','S2-05',72.9) ON CONFLICT DO NOTHING;
INSERT INTO calificaciones (matricula,clave,calificacion) VALUES ('21221035','S2-06',74.6) ON CONFLICT DO NOTHING;
INSERT INTO calificaciones (matricula,clave,calificacion) VALUES ('21221035','S3-01',90.6) ON CONFLICT DO NOTHING;
INSERT INTO calificaciones (matricula,clave,calificacion) VALUES ('21221035','S3-02',85.5) ON CONFLICT DO NOTHING;
INSERT INTO calificaciones (matricula,clave,calificacion) VALUES ('21221035','S3-03',83.3) ON CONFLICT DO NOTHING;
INSERT INTO calificaciones (matricula,clave,calificacion) VALUES ('21221035','S3-04',69.3) ON CONFLICT DO NOTHING;
INSERT INTO calificaciones (matricula,clave,calificacion) VALUES ('21221035','S3-05',89.4) ON CONFLICT DO NOTHING;
INSERT INTO calificaciones (matricula,clave,calificacion) VALUES ('21221035','S3-06',68.9) ON CONFLICT DO NOTHING;
INSERT INTO calificaciones (matricula,clave,calificacion) VALUES ('21221035','S4-01',63.7) ON CONFLICT DO NOTHING;
INSERT INTO calificaciones (matricula,clave,calificacion) VALUES ('21221035','S4-02',63.2) ON CONFLICT DO NOTHING;
INSERT INTO calificaciones (matricula,clave,calificacion) VALUES ('21221035','S4-03',67.7) ON CONFLICT DO NOTHING;
INSERT INTO calificaciones (matricula,clave,calificacion) VALUES ('21221035','S4-04',82.5) ON CONFLICT DO NOTHING;
INSERT INTO calificaciones (matricula,clave,calificacion) VALUES ('21221035','S4-05',79.9) ON CONFLICT DO NOTHING;
INSERT INTO calificaciones (matricula,clave,calificacion) VALUES ('21221035','S4-06',81.5) ON CONFLICT DO NOTHING;
INSERT INTO calificaciones (matricula,clave,calificacion) VALUES ('21320281','S1-01',81.7) ON CONFLICT DO NOTHING;
INSERT INTO calificaciones (matricula,clave,calificacion) VALUES ('21320281','S1-02',92.5) ON CONFLICT DO NOTHING;
INSERT INTO calificaciones (matricula,clave,calificacion) VALUES ('21320281','S1-03',78.1) ON CONFLICT DO NOTHING;
INSERT INTO calificaciones (matricula,clave,calificacion) VALUES ('21320281','S1-04',60) ON CONFLICT DO NOTHING;
INSERT INTO calificaciones (matricula,clave,calificacion) VALUES ('21320281','S1-05',66.1) ON CONFLICT DO NOTHING;
INSERT INTO calificaciones (matricula,clave,calificacion) VALUES ('21320281','S1-06',61.7) ON CONFLICT DO NOTHING;
INSERT INTO calificaciones (matricula,clave,calificacion) VALUES ('21320281','S1-07',76.1) ON CONFLICT DO NOTHING;
INSERT INTO calificaciones (matricula,clave,calificacion) VALUES ('21320281','S2-01',77.1) ON CONFLICT DO NOTHING;
INSERT INTO calificaciones (matricula,clave,calificacion) VALUES ('21320281','S2-02',69.0) ON CONFLICT DO NOTHING;
INSERT INTO calificaciones (matricula,clave,calificacion) VALUES ('21320281','S2-03',64.6) ON CONFLICT DO NOTHING;
INSERT INTO calificaciones (matricula,clave,calificacion) VALUES ('21320281','S2-04',86.9) ON CONFLICT DO NOTHING;
INSERT INTO calificaciones (matricula,clave,calificacion) VALUES ('21320281','S2-05',73.3) ON CONFLICT DO NOTHING;
INSERT INTO calificaciones (matricula,clave,calificacion) VALUES ('21320281','S2-06',78.4) ON CONFLICT DO NOTHING;
INSERT INTO calificaciones (matricula,clave,calificacion) VALUES ('21320281','S3-01',95.5) ON CONFLICT DO NOTHING;
INSERT INTO calificaciones (matricula,clave,calificacion) VALUES ('21320281','S3-02',61.1) ON CONFLICT DO NOTHING;
INSERT INTO calificaciones (matricula,clave,calificacion) VALUES ('21320281','S3-03',89.0) ON CONFLICT DO NOTHING;
INSERT INTO calificaciones (matricula,clave,calificacion) VALUES ('21320281','S3-04',78.9) ON CONFLICT DO NOTHING;
INSERT INTO calificaciones (matricula,clave,calificacion) VALUES ('21320281','S3-05',66.9) ON CONFLICT DO NOTHING;
INSERT INTO calificaciones (matricula,clave,calificacion) VALUES ('21320281','S3-06',70.6) ON CONFLICT DO NOTHING;
INSERT INTO calificaciones (matricula,clave,calificacion) VALUES ('21320281','S4-01',67.0) ON CONFLICT DO NOTHING;
INSERT INTO calificaciones (matricula,clave,calificacion) VALUES ('21320281','S4-02',61.7) ON CONFLICT DO NOTHING;
INSERT INTO calificaciones (matricula,clave,calificacion) VALUES ('21320281','S4-03',79.3) ON CONFLICT DO NOTHING;
INSERT INTO calificaciones (matricula,clave,calificacion) VALUES ('21320281','S4-04',68.8) ON CONFLICT DO NOTHING;
INSERT INTO calificaciones (matricula,clave,calificacion) VALUES ('21320281','S4-05',72.7) ON CONFLICT DO NOTHING;
INSERT INTO calificaciones (matricula,clave,calificacion) VALUES ('21320281','S4-06',77.0) ON CONFLICT DO NOTHING;
INSERT INTO calificaciones (matricula,clave,calificacion) VALUES ('22447235','S1-01',60) ON CONFLICT DO NOTHING;
INSERT INTO calificaciones (matricula,clave,calificacion) VALUES ('22447235','S1-02',62.6) ON CONFLICT DO NOTHING;
INSERT INTO calificaciones (matricula,clave,calificacion) VALUES ('22447235','S1-03',68.6) ON CONFLICT DO NOTHING;
INSERT INTO calificaciones (matricula,clave,calificacion) VALUES ('22447235','S1-04',60) ON CONFLICT DO NOTHING;
INSERT INTO calificaciones (matricula,clave,calificacion) VALUES ('22447235','S1-05',82.7) ON CONFLICT DO NOTHING;
INSERT INTO calificaciones (matricula,clave,calificacion) VALUES ('22447235','S1-06',75.5) ON CONFLICT DO NOTHING;
INSERT INTO calificaciones (matricula,clave,calificacion) VALUES ('22447235','S1-07',91.7) ON CONFLICT DO NOTHING;
INSERT INTO calificaciones (matricula,clave,calificacion) VALUES ('22447235','S2-01',97.4) ON CONFLICT DO NOTHING;
INSERT INTO calificaciones (matricula,clave,calificacion) VALUES ('22447235','S2-02',72.2) ON CONFLICT DO NOTHING;
INSERT INTO calificaciones (matricula,clave,calificacion) VALUES ('22447235','S2-03',60) ON CONFLICT DO NOTHING;
INSERT INTO calificaciones (matricula,clave,calificacion) VALUES ('22447235','S2-04',72.2) ON CONFLICT DO NOTHING;
INSERT INTO calificaciones (matricula,clave,calificacion) VALUES ('22447235','S2-05',69.1) ON CONFLICT DO NOTHING;
INSERT INTO calificaciones (matricula,clave,calificacion) VALUES ('22447235','S2-06',60) ON CONFLICT DO NOTHING;
INSERT INTO calificaciones (matricula,clave,calificacion) VALUES ('22447235','S3-01',69.1) ON CONFLICT DO NOTHING;
INSERT INTO calificaciones (matricula,clave,calificacion) VALUES ('22447235','S3-02',61.7) ON CONFLICT DO NOTHING;
INSERT INTO calificaciones (matricula,clave,calificacion) VALUES ('22447235','S3-03',76.6) ON CONFLICT DO NOTHING;
INSERT INTO calificaciones (matricula,clave,calificacion) VALUES ('22447235','S3-04',68.3) ON CONFLICT DO NOTHING;
INSERT INTO calificaciones (matricula,clave,calificacion) VALUES ('22447235','S3-05',67.8) ON CONFLICT DO NOTHING;
INSERT INTO calificaciones (matricula,clave,calificacion) VALUES ('22447235','S3-06',81.2) ON CONFLICT DO NOTHING;
INSERT INTO calificaciones (matricula,clave,calificacion) VALUES ('22414910','S1-01',65.7) ON CONFLICT DO NOTHING;
INSERT INTO calificaciones (matricula,clave,calificacion) VALUES ('22414910','S1-02',74.6) ON CONFLICT DO NOTHING;
INSERT INTO calificaciones (matricula,clave,calificacion) VALUES ('22414910','S1-03',81.4) ON CONFLICT DO NOTHING;
INSERT INTO calificaciones (matricula,clave,calificacion) VALUES ('22414910','S1-04',67.4) ON CONFLICT DO NOTHING;
INSERT INTO calificaciones (matricula,clave,calificacion) VALUES ('22414910','S1-05',78.5) ON CONFLICT DO NOTHING;
INSERT INTO calificaciones (matricula,clave,calificacion) VALUES ('22414910','S1-06',91.6) ON CONFLICT DO NOTHING;
INSERT INTO calificaciones (matricula,clave,calificacion) VALUES ('22414910','S1-07',72.5) ON CONFLICT DO NOTHING;
INSERT INTO calificaciones (matricula,clave,calificacion) VALUES ('22414910','S2-01',69.1) ON CONFLICT DO NOTHING;
INSERT INTO calificaciones (matricula,clave,calificacion) VALUES ('22414910','S2-02',66.8) ON CONFLICT DO NOTHING;
INSERT INTO calificaciones (matricula,clave,calificacion) VALUES ('22414910','S2-03',79.3) ON CONFLICT DO NOTHING;
INSERT INTO calificaciones (matricula,clave,calificacion) VALUES ('22414910','S2-04',63.8) ON CONFLICT DO NOTHING;
INSERT INTO calificaciones (matricula,clave,calificacion) VALUES ('22414910','S2-05',72.9) ON CONFLICT DO NOTHING;
INSERT INTO calificaciones (matricula,clave,calificacion) VALUES ('22414910','S2-06',88.2) ON CONFLICT DO NOTHING;
INSERT INTO calificaciones (matricula,clave,calificacion) VALUES ('22414910','S3-01',70.3) ON CONFLICT DO NOTHING;
INSERT INTO calificaciones (matricula,clave,calificacion) VALUES ('22414910','S3-02',74.5) ON CONFLICT DO NOTHING;
INSERT INTO calificaciones (matricula,clave,calificacion) VALUES ('22414910','S3-03',69.5) ON CONFLICT DO NOTHING;
INSERT INTO calificaciones (matricula,clave,calificacion) VALUES ('22414910','S3-04',69.3) ON CONFLICT DO NOTHING;
INSERT INTO calificaciones (matricula,clave,calificacion) VALUES ('22414910','S3-05',74.5) ON CONFLICT DO NOTHING;
INSERT INTO calificaciones (matricula,clave,calificacion) VALUES ('22414910','S3-06',94.4) ON CONFLICT DO NOTHING;
INSERT INTO calificaciones (matricula,clave,calificacion) VALUES ('22414910','S4-01',65.9) ON CONFLICT DO NOTHING;
INSERT INTO calificaciones (matricula,clave,calificacion) VALUES ('22414910','S4-02',67.8) ON CONFLICT DO NOTHING;
INSERT INTO calificaciones (matricula,clave,calificacion) VALUES ('22414910','S4-03',80.2) ON CONFLICT DO NOTHING;
INSERT INTO calificaciones (matricula,clave,calificacion) VALUES ('22414910','S4-04',63.7) ON CONFLICT DO NOTHING;
INSERT INTO calificaciones (matricula,clave,calificacion) VALUES ('22414910','S4-05',61.2) ON CONFLICT DO NOTHING;
INSERT INTO calificaciones (matricula,clave,calificacion) VALUES ('22414910','S4-06',84.6) ON CONFLICT DO NOTHING;
INSERT INTO calificaciones (matricula,clave,calificacion) VALUES ('22991014','S1-01',86.4) ON CONFLICT DO NOTHING;
INSERT INTO calificaciones (matricula,clave,calificacion) VALUES ('22991014','S1-02',87.5) ON CONFLICT DO NOTHING;
INSERT INTO calificaciones (matricula,clave,calificacion) VALUES ('22991014','S1-03',63.6) ON CONFLICT DO NOTHING;
INSERT INTO calificaciones (matricula,clave,calificacion) VALUES ('22991014','S1-04',85.7) ON CONFLICT DO NOTHING;
INSERT INTO calificaciones (matricula,clave,calificacion) VALUES ('22991014','S1-05',62.6) ON CONFLICT DO NOTHING;
INSERT INTO calificaciones (matricula,clave,calificacion) VALUES ('22991014','S1-06',79.5) ON CONFLICT DO NOTHING;
INSERT INTO calificaciones (matricula,clave,calificacion) VALUES ('22991014','S1-07',93.7) ON CONFLICT DO NOTHING;
INSERT INTO calificaciones (matricula,clave,calificacion) VALUES ('22991014','S2-01',65.5) ON CONFLICT DO NOTHING;
INSERT INTO calificaciones (matricula,clave,calificacion) VALUES ('22991014','S2-02',61.5) ON CONFLICT DO NOTHING;
INSERT INTO calificaciones (matricula,clave,calificacion) VALUES ('22991014','S2-03',60) ON CONFLICT DO NOTHING;
INSERT INTO calificaciones (matricula,clave,calificacion) VALUES ('22991014','S2-04',68.1) ON CONFLICT DO NOTHING;
INSERT INTO calificaciones (matricula,clave,calificacion) VALUES ('22991014','S2-05',74.6) ON CONFLICT DO NOTHING;
INSERT INTO calificaciones (matricula,clave,calificacion) VALUES ('22991014','S2-06',74.4) ON CONFLICT DO NOTHING;
INSERT INTO calificaciones (matricula,clave,calificacion) VALUES ('22991014','S3-01',60) ON CONFLICT DO NOTHING;
INSERT INTO calificaciones (matricula,clave,calificacion) VALUES ('22991014','S3-02',74.7) ON CONFLICT DO NOTHING;
INSERT INTO calificaciones (matricula,clave,calificacion) VALUES ('22991014','S3-03',65.9) ON CONFLICT DO NOTHING;
INSERT INTO calificaciones (matricula,clave,calificacion) VALUES ('22991014','S3-04',70.8) ON CONFLICT DO NOTHING;
INSERT INTO calificaciones (matricula,clave,calificacion) VALUES ('22991014','S3-05',72.4) ON CONFLICT DO NOTHING;
INSERT INTO calificaciones (matricula,clave,calificacion) VALUES ('22991014','S3-06',65.2) ON CONFLICT DO NOTHING;
INSERT INTO calificaciones (matricula,clave,calificacion) VALUES ('22991014','S4-01',80.1) ON CONFLICT DO NOTHING;
INSERT INTO calificaciones (matricula,clave,calificacion) VALUES ('22991014','S4-02',60) ON CONFLICT DO NOTHING;
INSERT INTO calificaciones (matricula,clave,calificacion) VALUES ('22991014','S4-03',60) ON CONFLICT DO NOTHING;
INSERT INTO calificaciones (matricula,clave,calificacion) VALUES ('22991014','S4-04',81.7) ON CONFLICT DO NOTHING;
INSERT INTO calificaciones (matricula,clave,calificacion) VALUES ('22991014','S4-05',66.4) ON CONFLICT DO NOTHING;
INSERT INTO calificaciones (matricula,clave,calificacion) VALUES ('22991014','S4-06',74.0) ON CONFLICT DO NOTHING;
INSERT INTO calificaciones (matricula,clave,calificacion) VALUES ('22991014','S5-01',81.5) ON CONFLICT DO NOTHING;
INSERT INTO calificaciones (matricula,clave,calificacion) VALUES ('22991014','S5-02',71.3) ON CONFLICT DO NOTHING;
INSERT INTO calificaciones (matricula,clave,calificacion) VALUES ('22991014','S5-03',78.8) ON CONFLICT DO NOTHING;
INSERT INTO calificaciones (matricula,clave,calificacion) VALUES ('22991014','S5-04',81.0) ON CONFLICT DO NOTHING;
INSERT INTO calificaciones (matricula,clave,calificacion) VALUES ('22991014','S5-05',66.9) ON CONFLICT DO NOTHING;
INSERT INTO calificaciones (matricula,clave,calificacion) VALUES ('22991014','S5-06',79.4) ON CONFLICT DO NOTHING;
INSERT INTO calificaciones (matricula,clave,calificacion) VALUES ('21757193','S1-01',76.9) ON CONFLICT DO NOTHING;
INSERT INTO calificaciones (matricula,clave,calificacion) VALUES ('21757193','S1-02',80.0) ON CONFLICT DO NOTHING;
INSERT INTO calificaciones (matricula,clave,calificacion) VALUES ('21757193','S1-03',80.0) ON CONFLICT DO NOTHING;
INSERT INTO calificaciones (matricula,clave,calificacion) VALUES ('21757193','S1-04',76.8) ON CONFLICT DO NOTHING;
INSERT INTO calificaciones (matricula,clave,calificacion) VALUES ('21757193','S1-05',66.3) ON CONFLICT DO NOTHING;
INSERT INTO calificaciones (matricula,clave,calificacion) VALUES ('21757193','S1-06',80.6) ON CONFLICT DO NOTHING;
INSERT INTO calificaciones (matricula,clave,calificacion) VALUES ('21757193','S1-07',72.5) ON CONFLICT DO NOTHING;
INSERT INTO calificaciones (matricula,clave,calificacion) VALUES ('21757193','S2-01',80.8) ON CONFLICT DO NOTHING;
INSERT INTO calificaciones (matricula,clave,calificacion) VALUES ('21757193','S2-02',69.7) ON CONFLICT DO NOTHING;
INSERT INTO calificaciones (matricula,clave,calificacion) VALUES ('21757193','S2-03',79.2) ON CONFLICT DO NOTHING;
INSERT INTO calificaciones (matricula,clave,calificacion) VALUES ('21757193','S2-04',83.7) ON CONFLICT DO NOTHING;
INSERT INTO calificaciones (matricula,clave,calificacion) VALUES ('21757193','S2-05',60.5) ON CONFLICT DO NOTHING;
INSERT INTO calificaciones (matricula,clave,calificacion) VALUES ('21757193','S2-06',82.0) ON CONFLICT DO NOTHING;
INSERT INTO calificaciones (matricula,clave,calificacion) VALUES ('22498858','S1-01',74.7) ON CONFLICT DO NOTHING;
INSERT INTO calificaciones (matricula,clave,calificacion) VALUES ('22498858','S1-02',79.6) ON CONFLICT DO NOTHING;
INSERT INTO calificaciones (matricula,clave,calificacion) VALUES ('22498858','S1-03',86.4) ON CONFLICT DO NOTHING;
INSERT INTO calificaciones (matricula,clave,calificacion) VALUES ('22498858','S1-04',82.0) ON CONFLICT DO NOTHING;
INSERT INTO calificaciones (matricula,clave,calificacion) VALUES ('22498858','S1-05',76.3) ON CONFLICT DO NOTHING;
INSERT INTO calificaciones (matricula,clave,calificacion) VALUES ('22498858','S1-06',74.5) ON CONFLICT DO NOTHING;
INSERT INTO calificaciones (matricula,clave,calificacion) VALUES ('22498858','S1-07',70.7) ON CONFLICT DO NOTHING;
INSERT INTO calificaciones (matricula,clave,calificacion) VALUES ('22498858','S2-01',79.1) ON CONFLICT DO NOTHING;
INSERT INTO calificaciones (matricula,clave,calificacion) VALUES ('22498858','S2-02',85.7) ON CONFLICT DO NOTHING;
INSERT INTO calificaciones (matricula,clave,calificacion) VALUES ('22498858','S2-03',82.8) ON CONFLICT DO NOTHING;
INSERT INTO calificaciones (matricula,clave,calificacion) VALUES ('22498858','S2-04',86.0) ON CONFLICT DO NOTHING;
INSERT INTO calificaciones (matricula,clave,calificacion) VALUES ('22498858','S2-05',82.9) ON CONFLICT DO NOTHING;
INSERT INTO calificaciones (matricula,clave,calificacion) VALUES ('22498858','S2-06',75.5) ON CONFLICT DO NOTHING;
INSERT INTO calificaciones (matricula,clave,calificacion) VALUES ('22498858','S3-01',72.1) ON CONFLICT DO NOTHING;
INSERT INTO calificaciones (matricula,clave,calificacion) VALUES ('22498858','S3-02',77.3) ON CONFLICT DO NOTHING;
INSERT INTO calificaciones (matricula,clave,calificacion) VALUES ('22498858','S3-03',72.3) ON CONFLICT DO NOTHING;
INSERT INTO calificaciones (matricula,clave,calificacion) VALUES ('22498858','S3-04',71.6) ON CONFLICT DO NOTHING;
INSERT INTO calificaciones (matricula,clave,calificacion) VALUES ('22498858','S3-05',81.5) ON CONFLICT DO NOTHING;
INSERT INTO calificaciones (matricula,clave,calificacion) VALUES ('22498858','S3-06',78.6) ON CONFLICT DO NOTHING;
INSERT INTO calificaciones (matricula,clave,calificacion) VALUES ('22498858','S4-01',69.5) ON CONFLICT DO NOTHING;
INSERT INTO calificaciones (matricula,clave,calificacion) VALUES ('22498858','S4-02',65.3) ON CONFLICT DO NOTHING;
INSERT INTO calificaciones (matricula,clave,calificacion) VALUES ('22498858','S4-03',68.2) ON CONFLICT DO NOTHING;
INSERT INTO calificaciones (matricula,clave,calificacion) VALUES ('22498858','S4-04',79.0) ON CONFLICT DO NOTHING;
INSERT INTO calificaciones (matricula,clave,calificacion) VALUES ('22498858','S4-05',69.5) ON CONFLICT DO NOTHING;
INSERT INTO calificaciones (matricula,clave,calificacion) VALUES ('22498858','S4-06',78.8) ON CONFLICT DO NOTHING;
INSERT INTO calificaciones (matricula,clave,calificacion) VALUES ('21364525','S1-01',70.8) ON CONFLICT DO NOTHING;
INSERT INTO calificaciones (matricula,clave,calificacion) VALUES ('21364525','S1-02',73.9) ON CONFLICT DO NOTHING;
INSERT INTO calificaciones (matricula,clave,calificacion) VALUES ('21364525','S1-03',79.0) ON CONFLICT DO NOTHING;
INSERT INTO calificaciones (matricula,clave,calificacion) VALUES ('21364525','S1-04',75.1) ON CONFLICT DO NOTHING;
INSERT INTO calificaciones (matricula,clave,calificacion) VALUES ('21364525','S1-05',67.8) ON CONFLICT DO NOTHING;
INSERT INTO calificaciones (matricula,clave,calificacion) VALUES ('21364525','S1-06',64.7) ON CONFLICT DO NOTHING;
INSERT INTO calificaciones (matricula,clave,calificacion) VALUES ('21364525','S1-07',79.1) ON CONFLICT DO NOTHING;
INSERT INTO calificaciones (matricula,clave,calificacion) VALUES ('21364525','S2-01',79.2) ON CONFLICT DO NOTHING;
INSERT INTO calificaciones (matricula,clave,calificacion) VALUES ('21364525','S2-02',64.2) ON CONFLICT DO NOTHING;
INSERT INTO calificaciones (matricula,clave,calificacion) VALUES ('21364525','S2-03',75.2) ON CONFLICT DO NOTHING;
INSERT INTO calificaciones (matricula,clave,calificacion) VALUES ('21364525','S2-04',78.7) ON CONFLICT DO NOTHING;
INSERT INTO calificaciones (matricula,clave,calificacion) VALUES ('21364525','S2-05',62.9) ON CONFLICT DO NOTHING;
INSERT INTO calificaciones (matricula,clave,calificacion) VALUES ('21364525','S2-06',80.5) ON CONFLICT DO NOTHING;
INSERT INTO calificaciones (matricula,clave,calificacion) VALUES ('21213349','S1-01',88.2) ON CONFLICT DO NOTHING;
INSERT INTO calificaciones (matricula,clave,calificacion) VALUES ('21213349','S1-02',80.0) ON CONFLICT DO NOTHING;
INSERT INTO calificaciones (matricula,clave,calificacion) VALUES ('21213349','S1-03',65.1) ON CONFLICT DO NOTHING;
INSERT INTO calificaciones (matricula,clave,calificacion) VALUES ('21213349','S1-04',95.0) ON CONFLICT DO NOTHING;
INSERT INTO calificaciones (matricula,clave,calificacion) VALUES ('21213349','S1-05',93.8) ON CONFLICT DO NOTHING;
INSERT INTO calificaciones (matricula,clave,calificacion) VALUES ('21213349','S1-06',77.9) ON CONFLICT DO NOTHING;
INSERT INTO calificaciones (matricula,clave,calificacion) VALUES ('21213349','S1-07',67.0) ON CONFLICT DO NOTHING;
INSERT INTO calificaciones (matricula,clave,calificacion) VALUES ('21213349','S2-01',60) ON CONFLICT DO NOTHING;
INSERT INTO calificaciones (matricula,clave,calificacion) VALUES ('21213349','S2-02',76.2) ON CONFLICT DO NOTHING;
INSERT INTO calificaciones (matricula,clave,calificacion) VALUES ('21213349','S2-03',64.9) ON CONFLICT DO NOTHING;
INSERT INTO calificaciones (matricula,clave,calificacion) VALUES ('21213349','S2-04',75.7) ON CONFLICT DO NOTHING;
INSERT INTO calificaciones (matricula,clave,calificacion) VALUES ('21213349','S2-05',83.1) ON CONFLICT DO NOTHING;
INSERT INTO calificaciones (matricula,clave,calificacion) VALUES ('21213349','S2-06',60) ON CONFLICT DO NOTHING;
INSERT INTO calificaciones (matricula,clave,calificacion) VALUES ('21213349','S3-01',94.1) ON CONFLICT DO NOTHING;
INSERT INTO calificaciones (matricula,clave,calificacion) VALUES ('21213349','S3-02',87.7) ON CONFLICT DO NOTHING;
INSERT INTO calificaciones (matricula,clave,calificacion) VALUES ('21213349','S3-03',61.6) ON CONFLICT DO NOTHING;
INSERT INTO calificaciones (matricula,clave,calificacion) VALUES ('21213349','S3-04',60) ON CONFLICT DO NOTHING;
INSERT INTO calificaciones (matricula,clave,calificacion) VALUES ('21213349','S3-05',69.2) ON CONFLICT DO NOTHING;
INSERT INTO calificaciones (matricula,clave,calificacion) VALUES ('21213349','S3-06',65.7) ON CONFLICT DO NOTHING;
INSERT INTO calificaciones (matricula,clave,calificacion) VALUES ('21213349','S4-01',66.8) ON CONFLICT DO NOTHING;
INSERT INTO calificaciones (matricula,clave,calificacion) VALUES ('21213349','S4-02',60) ON CONFLICT DO NOTHING;
INSERT INTO calificaciones (matricula,clave,calificacion) VALUES ('21213349','S4-03',69.7) ON CONFLICT DO NOTHING;
INSERT INTO calificaciones (matricula,clave,calificacion) VALUES ('21213349','S4-04',89.2) ON CONFLICT DO NOTHING;
INSERT INTO calificaciones (matricula,clave,calificacion) VALUES ('21213349','S4-05',60.8) ON CONFLICT DO NOTHING;
INSERT INTO calificaciones (matricula,clave,calificacion) VALUES ('21213349','S4-06',69.3) ON CONFLICT DO NOTHING;
INSERT INTO calificaciones (matricula,clave,calificacion) VALUES ('21213349','S5-01',60) ON CONFLICT DO NOTHING;
INSERT INTO calificaciones (matricula,clave,calificacion) VALUES ('21213349','S5-02',81.4) ON CONFLICT DO NOTHING;
INSERT INTO calificaciones (matricula,clave,calificacion) VALUES ('21213349','S5-03',71.0) ON CONFLICT DO NOTHING;
INSERT INTO calificaciones (matricula,clave,calificacion) VALUES ('21213349','S5-04',93.4) ON CONFLICT DO NOTHING;
INSERT INTO calificaciones (matricula,clave,calificacion) VALUES ('21213349','S5-05',76.1) ON CONFLICT DO NOTHING;
INSERT INTO calificaciones (matricula,clave,calificacion) VALUES ('21213349','S5-06',68.3) ON CONFLICT DO NOTHING;
INSERT INTO calificaciones (matricula,clave,calificacion) VALUES ('21213349','S6-01',82.0) ON CONFLICT DO NOTHING;
INSERT INTO calificaciones (matricula,clave,calificacion) VALUES ('21213349','S6-02',66.1) ON CONFLICT DO NOTHING;
INSERT INTO calificaciones (matricula,clave,calificacion) VALUES ('21213349','S6-03',71.6) ON CONFLICT DO NOTHING;
INSERT INTO calificaciones (matricula,clave,calificacion) VALUES ('21213349','S6-04',75.3) ON CONFLICT DO NOTHING;
INSERT INTO calificaciones (matricula,clave,calificacion) VALUES ('21213349','S6-05',69.5) ON CONFLICT DO NOTHING;
INSERT INTO calificaciones (matricula,clave,calificacion) VALUES ('21213349','S6-06',60.7) ON CONFLICT DO NOTHING;
INSERT INTO calificaciones (matricula,clave,calificacion) VALUES ('21213349','S6-07',81.3) ON CONFLICT DO NOTHING;
INSERT INTO calificaciones (matricula,clave,calificacion) VALUES ('20611233','S1-01',60) ON CONFLICT DO NOTHING;
INSERT INTO calificaciones (matricula,clave,calificacion) VALUES ('20611233','S1-02',79.0) ON CONFLICT DO NOTHING;
INSERT INTO calificaciones (matricula,clave,calificacion) VALUES ('20611233','S1-03',73.8) ON CONFLICT DO NOTHING;
INSERT INTO calificaciones (matricula,clave,calificacion) VALUES ('20611233','S1-04',61.9) ON CONFLICT DO NOTHING;
INSERT INTO calificaciones (matricula,clave,calificacion) VALUES ('20611233','S1-05',60.8) ON CONFLICT DO NOTHING;
INSERT INTO calificaciones (matricula,clave,calificacion) VALUES ('20611233','S1-06',78.8) ON CONFLICT DO NOTHING;
INSERT INTO calificaciones (matricula,clave,calificacion) VALUES ('20611233','S1-07',82.7) ON CONFLICT DO NOTHING;
INSERT INTO calificaciones (matricula,clave,calificacion) VALUES ('20611233','S2-01',77.5) ON CONFLICT DO NOTHING;
INSERT INTO calificaciones (matricula,clave,calificacion) VALUES ('20611233','S2-02',75.6) ON CONFLICT DO NOTHING;
INSERT INTO calificaciones (matricula,clave,calificacion) VALUES ('20611233','S2-03',68.6) ON CONFLICT DO NOTHING;
INSERT INTO calificaciones (matricula,clave,calificacion) VALUES ('20611233','S2-04',70.1) ON CONFLICT DO NOTHING;
INSERT INTO calificaciones (matricula,clave,calificacion) VALUES ('20611233','S2-05',69.0) ON CONFLICT DO NOTHING;
INSERT INTO calificaciones (matricula,clave,calificacion) VALUES ('20611233','S2-06',64.7) ON CONFLICT DO NOTHING;
INSERT INTO calificaciones (matricula,clave,calificacion) VALUES ('20611233','S3-01',72.2) ON CONFLICT DO NOTHING;
INSERT INTO calificaciones (matricula,clave,calificacion) VALUES ('20611233','S3-02',77.8) ON CONFLICT DO NOTHING;
INSERT INTO calificaciones (matricula,clave,calificacion) VALUES ('20611233','S3-03',67.8) ON CONFLICT DO NOTHING;
INSERT INTO calificaciones (matricula,clave,calificacion) VALUES ('20611233','S3-04',73.1) ON CONFLICT DO NOTHING;
INSERT INTO calificaciones (matricula,clave,calificacion) VALUES ('20611233','S3-05',77.9) ON CONFLICT DO NOTHING;
INSERT INTO calificaciones (matricula,clave,calificacion) VALUES ('20611233','S3-06',78.0) ON CONFLICT DO NOTHING;
INSERT INTO calificaciones (matricula,clave,calificacion) VALUES ('20611233','S4-01',64.8) ON CONFLICT DO NOTHING;
INSERT INTO calificaciones (matricula,clave,calificacion) VALUES ('20611233','S4-02',63.0) ON CONFLICT DO NOTHING;
INSERT INTO calificaciones (matricula,clave,calificacion) VALUES ('20611233','S4-03',73.4) ON CONFLICT DO NOTHING;
INSERT INTO calificaciones (matricula,clave,calificacion) VALUES ('20611233','S4-04',79.1) ON CONFLICT DO NOTHING;
INSERT INTO calificaciones (matricula,clave,calificacion) VALUES ('20611233','S4-05',64.6) ON CONFLICT DO NOTHING;
INSERT INTO calificaciones (matricula,clave,calificacion) VALUES ('20611233','S4-06',65.4) ON CONFLICT DO NOTHING;
INSERT INTO calificaciones (matricula,clave,calificacion) VALUES ('21389930','S1-01',78.6) ON CONFLICT DO NOTHING;
INSERT INTO calificaciones (matricula,clave,calificacion) VALUES ('21389930','S1-02',80.6) ON CONFLICT DO NOTHING;
INSERT INTO calificaciones (matricula,clave,calificacion) VALUES ('21389930','S1-03',78.8) ON CONFLICT DO NOTHING;
INSERT INTO calificaciones (matricula,clave,calificacion) VALUES ('21389930','S1-04',68.3) ON CONFLICT DO NOTHING;
INSERT INTO calificaciones (matricula,clave,calificacion) VALUES ('21389930','S1-05',93.5) ON CONFLICT DO NOTHING;
INSERT INTO calificaciones (matricula,clave,calificacion) VALUES ('21389930','S1-06',69.3) ON CONFLICT DO NOTHING;
INSERT INTO calificaciones (matricula,clave,calificacion) VALUES ('21389930','S1-07',67.8) ON CONFLICT DO NOTHING;
INSERT INTO calificaciones (matricula,clave,calificacion) VALUES ('21389930','S2-01',75.1) ON CONFLICT DO NOTHING;
INSERT INTO calificaciones (matricula,clave,calificacion) VALUES ('21389930','S2-02',78.8) ON CONFLICT DO NOTHING;
INSERT INTO calificaciones (matricula,clave,calificacion) VALUES ('21389930','S2-03',73.0) ON CONFLICT DO NOTHING;
INSERT INTO calificaciones (matricula,clave,calificacion) VALUES ('21389930','S2-04',86.9) ON CONFLICT DO NOTHING;
INSERT INTO calificaciones (matricula,clave,calificacion) VALUES ('21389930','S2-05',61.4) ON CONFLICT DO NOTHING;
INSERT INTO calificaciones (matricula,clave,calificacion) VALUES ('21389930','S2-06',93.7) ON CONFLICT DO NOTHING;
INSERT INTO calificaciones (matricula,clave,calificacion) VALUES ('21389930','S3-01',73.7) ON CONFLICT DO NOTHING;
INSERT INTO calificaciones (matricula,clave,calificacion) VALUES ('21389930','S3-02',93.9) ON CONFLICT DO NOTHING;
INSERT INTO calificaciones (matricula,clave,calificacion) VALUES ('21389930','S3-03',77.2) ON CONFLICT DO NOTHING;
INSERT INTO calificaciones (matricula,clave,calificacion) VALUES ('21389930','S3-04',76.9) ON CONFLICT DO NOTHING;
INSERT INTO calificaciones (matricula,clave,calificacion) VALUES ('21389930','S3-05',73.5) ON CONFLICT DO NOTHING;
INSERT INTO calificaciones (matricula,clave,calificacion) VALUES ('21389930','S3-06',78.5) ON CONFLICT DO NOTHING;
INSERT INTO calificaciones (matricula,clave,calificacion) VALUES ('21389930','S4-01',72.0) ON CONFLICT DO NOTHING;
INSERT INTO calificaciones (matricula,clave,calificacion) VALUES ('21389930','S4-02',69.2) ON CONFLICT DO NOTHING;
INSERT INTO calificaciones (matricula,clave,calificacion) VALUES ('21389930','S4-03',85.3) ON CONFLICT DO NOTHING;
INSERT INTO calificaciones (matricula,clave,calificacion) VALUES ('21389930','S4-04',60) ON CONFLICT DO NOTHING;
INSERT INTO calificaciones (matricula,clave,calificacion) VALUES ('21389930','S4-05',89.2) ON CONFLICT DO NOTHING;
INSERT INTO calificaciones (matricula,clave,calificacion) VALUES ('21389930','S4-06',87.1) ON CONFLICT DO NOTHING;
INSERT INTO calificaciones (matricula,clave,calificacion) VALUES ('21389930','S5-01',67.2) ON CONFLICT DO NOTHING;
INSERT INTO calificaciones (matricula,clave,calificacion) VALUES ('21389930','S5-02',85.0) ON CONFLICT DO NOTHING;
INSERT INTO calificaciones (matricula,clave,calificacion) VALUES ('21389930','S5-03',66.9) ON CONFLICT DO NOTHING;
INSERT INTO calificaciones (matricula,clave,calificacion) VALUES ('21389930','S5-04',68.7) ON CONFLICT DO NOTHING;
INSERT INTO calificaciones (matricula,clave,calificacion) VALUES ('21389930','S5-05',76.3) ON CONFLICT DO NOTHING;
INSERT INTO calificaciones (matricula,clave,calificacion) VALUES ('21389930','S5-06',76.3) ON CONFLICT DO NOTHING;
INSERT INTO calificaciones (matricula,clave,calificacion) VALUES ('21389930','S6-01',82.7) ON CONFLICT DO NOTHING;
INSERT INTO calificaciones (matricula,clave,calificacion) VALUES ('21389930','S6-02',67.4) ON CONFLICT DO NOTHING;
INSERT INTO calificaciones (matricula,clave,calificacion) VALUES ('21389930','S6-03',74.7) ON CONFLICT DO NOTHING;
INSERT INTO calificaciones (matricula,clave,calificacion) VALUES ('21389930','S6-04',70.7) ON CONFLICT DO NOTHING;
INSERT INTO calificaciones (matricula,clave,calificacion) VALUES ('21389930','S6-05',74.2) ON CONFLICT DO NOTHING;
INSERT INTO calificaciones (matricula,clave,calificacion) VALUES ('21389930','S6-06',61.5) ON CONFLICT DO NOTHING;
INSERT INTO calificaciones (matricula,clave,calificacion) VALUES ('21389930','S6-07',84.0) ON CONFLICT DO NOTHING;
INSERT INTO calificaciones (matricula,clave,calificacion) VALUES ('20899787','S1-01',60) ON CONFLICT DO NOTHING;
INSERT INTO calificaciones (matricula,clave,calificacion) VALUES ('20899787','S1-02',80.3) ON CONFLICT DO NOTHING;
INSERT INTO calificaciones (matricula,clave,calificacion) VALUES ('20899787','S1-03',73.5) ON CONFLICT DO NOTHING;
INSERT INTO calificaciones (matricula,clave,calificacion) VALUES ('20899787','S1-04',70.6) ON CONFLICT DO NOTHING;
INSERT INTO calificaciones (matricula,clave,calificacion) VALUES ('20899787','S1-05',72.1) ON CONFLICT DO NOTHING;
INSERT INTO calificaciones (matricula,clave,calificacion) VALUES ('20899787','S1-06',83.9) ON CONFLICT DO NOTHING;
INSERT INTO calificaciones (matricula,clave,calificacion) VALUES ('20899787','S1-07',78.4) ON CONFLICT DO NOTHING;
INSERT INTO calificaciones (matricula,clave,calificacion) VALUES ('20899787','S2-01',66.4) ON CONFLICT DO NOTHING;
INSERT INTO calificaciones (matricula,clave,calificacion) VALUES ('20899787','S2-02',72.8) ON CONFLICT DO NOTHING;
INSERT INTO calificaciones (matricula,clave,calificacion) VALUES ('20899787','S2-03',81.8) ON CONFLICT DO NOTHING;
INSERT INTO calificaciones (matricula,clave,calificacion) VALUES ('20899787','S2-04',79.4) ON CONFLICT DO NOTHING;
INSERT INTO calificaciones (matricula,clave,calificacion) VALUES ('20899787','S2-05',60) ON CONFLICT DO NOTHING;
INSERT INTO calificaciones (matricula,clave,calificacion) VALUES ('20899787','S2-06',72.6) ON CONFLICT DO NOTHING;
INSERT INTO calificaciones (matricula,clave,calificacion) VALUES ('20899787','S3-01',62.5) ON CONFLICT DO NOTHING;
INSERT INTO calificaciones (matricula,clave,calificacion) VALUES ('20899787','S3-02',77.4) ON CONFLICT DO NOTHING;
INSERT INTO calificaciones (matricula,clave,calificacion) VALUES ('20899787','S3-03',78.7) ON CONFLICT DO NOTHING;
INSERT INTO calificaciones (matricula,clave,calificacion) VALUES ('20899787','S3-04',78.7) ON CONFLICT DO NOTHING;
INSERT INTO calificaciones (matricula,clave,calificacion) VALUES ('20899787','S3-05',78.3) ON CONFLICT DO NOTHING;
INSERT INTO calificaciones (matricula,clave,calificacion) VALUES ('20899787','S3-06',78.2) ON CONFLICT DO NOTHING;
INSERT INTO calificaciones (matricula,clave,calificacion) VALUES ('20899787','S4-01',79.8) ON CONFLICT DO NOTHING;
INSERT INTO calificaciones (matricula,clave,calificacion) VALUES ('20899787','S4-02',74.9) ON CONFLICT DO NOTHING;
INSERT INTO calificaciones (matricula,clave,calificacion) VALUES ('20899787','S4-03',80.6) ON CONFLICT DO NOTHING;
INSERT INTO calificaciones (matricula,clave,calificacion) VALUES ('20899787','S4-04',83.0) ON CONFLICT DO NOTHING;
INSERT INTO calificaciones (matricula,clave,calificacion) VALUES ('20899787','S4-05',71.0) ON CONFLICT DO NOTHING;
INSERT INTO calificaciones (matricula,clave,calificacion) VALUES ('20899787','S4-06',71.7) ON CONFLICT DO NOTHING;
INSERT INTO calificaciones (matricula,clave,calificacion) VALUES ('21833723','S1-01',76.5) ON CONFLICT DO NOTHING;
INSERT INTO calificaciones (matricula,clave,calificacion) VALUES ('21833723','S1-02',70.7) ON CONFLICT DO NOTHING;
INSERT INTO calificaciones (matricula,clave,calificacion) VALUES ('21833723','S1-03',63.9) ON CONFLICT DO NOTHING;
INSERT INTO calificaciones (matricula,clave,calificacion) VALUES ('21833723','S1-04',72.4) ON CONFLICT DO NOTHING;
INSERT INTO calificaciones (matricula,clave,calificacion) VALUES ('21833723','S1-05',74.1) ON CONFLICT DO NOTHING;
INSERT INTO calificaciones (matricula,clave,calificacion) VALUES ('21833723','S1-06',79.4) ON CONFLICT DO NOTHING;
INSERT INTO calificaciones (matricula,clave,calificacion) VALUES ('21833723','S1-07',63.2) ON CONFLICT DO NOTHING;
INSERT INTO calificaciones (matricula,clave,calificacion) VALUES ('21833723','S2-01',60.4) ON CONFLICT DO NOTHING;
INSERT INTO calificaciones (matricula,clave,calificacion) VALUES ('21833723','S2-02',71.7) ON CONFLICT DO NOTHING;
INSERT INTO calificaciones (matricula,clave,calificacion) VALUES ('21833723','S2-03',79.4) ON CONFLICT DO NOTHING;
INSERT INTO calificaciones (matricula,clave,calificacion) VALUES ('21833723','S2-04',86.6) ON CONFLICT DO NOTHING;
INSERT INTO calificaciones (matricula,clave,calificacion) VALUES ('21833723','S2-05',67.2) ON CONFLICT DO NOTHING;
INSERT INTO calificaciones (matricula,clave,calificacion) VALUES ('21833723','S2-06',76.6) ON CONFLICT DO NOTHING;
INSERT INTO calificaciones (matricula,clave,calificacion) VALUES ('21833723','S3-01',83.6) ON CONFLICT DO NOTHING;
INSERT INTO calificaciones (matricula,clave,calificacion) VALUES ('21833723','S3-02',77.8) ON CONFLICT DO NOTHING;
INSERT INTO calificaciones (matricula,clave,calificacion) VALUES ('21833723','S3-03',83.3) ON CONFLICT DO NOTHING;
INSERT INTO calificaciones (matricula,clave,calificacion) VALUES ('21833723','S3-04',60) ON CONFLICT DO NOTHING;
INSERT INTO calificaciones (matricula,clave,calificacion) VALUES ('21833723','S3-05',75.9) ON CONFLICT DO NOTHING;
INSERT INTO calificaciones (matricula,clave,calificacion) VALUES ('21833723','S3-06',79.5) ON CONFLICT DO NOTHING;
INSERT INTO calificaciones (matricula,clave,calificacion) VALUES ('21833723','S4-01',72.2) ON CONFLICT DO NOTHING;
INSERT INTO calificaciones (matricula,clave,calificacion) VALUES ('21833723','S4-02',77.8) ON CONFLICT DO NOTHING;
INSERT INTO calificaciones (matricula,clave,calificacion) VALUES ('21833723','S4-03',82.4) ON CONFLICT DO NOTHING;
INSERT INTO calificaciones (matricula,clave,calificacion) VALUES ('21833723','S4-04',83.0) ON CONFLICT DO NOTHING;
INSERT INTO calificaciones (matricula,clave,calificacion) VALUES ('21833723','S4-05',72.2) ON CONFLICT DO NOTHING;
INSERT INTO calificaciones (matricula,clave,calificacion) VALUES ('21833723','S4-06',84.3) ON CONFLICT DO NOTHING;
INSERT INTO calificaciones (matricula,clave,calificacion) VALUES ('21833723','S5-01',64.0) ON CONFLICT DO NOTHING;
INSERT INTO calificaciones (matricula,clave,calificacion) VALUES ('21833723','S5-02',95.9) ON CONFLICT DO NOTHING;
INSERT INTO calificaciones (matricula,clave,calificacion) VALUES ('21833723','S5-03',79.3) ON CONFLICT DO NOTHING;
INSERT INTO calificaciones (matricula,clave,calificacion) VALUES ('21833723','S5-04',75.8) ON CONFLICT DO NOTHING;
INSERT INTO calificaciones (matricula,clave,calificacion) VALUES ('21833723','S5-05',74.9) ON CONFLICT DO NOTHING;
INSERT INTO calificaciones (matricula,clave,calificacion) VALUES ('21833723','S5-06',88.0) ON CONFLICT DO NOTHING;
INSERT INTO calificaciones (matricula,clave,calificacion) VALUES ('21833723','S6-01',79.3) ON CONFLICT DO NOTHING;
INSERT INTO calificaciones (matricula,clave,calificacion) VALUES ('21833723','S6-02',81.6) ON CONFLICT DO NOTHING;
INSERT INTO calificaciones (matricula,clave,calificacion) VALUES ('21833723','S6-03',80.6) ON CONFLICT DO NOTHING;
INSERT INTO calificaciones (matricula,clave,calificacion) VALUES ('21833723','S6-04',60.0) ON CONFLICT DO NOTHING;
INSERT INTO calificaciones (matricula,clave,calificacion) VALUES ('21833723','S6-05',81.7) ON CONFLICT DO NOTHING;
INSERT INTO calificaciones (matricula,clave,calificacion) VALUES ('21833723','S6-06',71.5) ON CONFLICT DO NOTHING;
INSERT INTO calificaciones (matricula,clave,calificacion) VALUES ('21833723','S6-07',61.4) ON CONFLICT DO NOTHING;
INSERT INTO calificaciones (matricula,clave,calificacion) VALUES ('22479353','S1-01',86.2) ON CONFLICT DO NOTHING;
INSERT INTO calificaciones (matricula,clave,calificacion) VALUES ('22479353','S1-02',76.2) ON CONFLICT DO NOTHING;
INSERT INTO calificaciones (matricula,clave,calificacion) VALUES ('22479353','S1-03',78.3) ON CONFLICT DO NOTHING;
INSERT INTO calificaciones (matricula,clave,calificacion) VALUES ('22479353','S1-04',79.3) ON CONFLICT DO NOTHING;
INSERT INTO calificaciones (matricula,clave,calificacion) VALUES ('22479353','S1-05',65.4) ON CONFLICT DO NOTHING;
INSERT INTO calificaciones (matricula,clave,calificacion) VALUES ('22479353','S1-06',74.8) ON CONFLICT DO NOTHING;
INSERT INTO calificaciones (matricula,clave,calificacion) VALUES ('22479353','S1-07',98.8) ON CONFLICT DO NOTHING;
INSERT INTO calificaciones (matricula,clave,calificacion) VALUES ('22479353','S2-01',89.5) ON CONFLICT DO NOTHING;
INSERT INTO calificaciones (matricula,clave,calificacion) VALUES ('22479353','S2-02',85.6) ON CONFLICT DO NOTHING;
INSERT INTO calificaciones (matricula,clave,calificacion) VALUES ('22479353','S2-03',70.4) ON CONFLICT DO NOTHING;
INSERT INTO calificaciones (matricula,clave,calificacion) VALUES ('22479353','S2-04',89.2) ON CONFLICT DO NOTHING;
INSERT INTO calificaciones (matricula,clave,calificacion) VALUES ('22479353','S2-05',85.4) ON CONFLICT DO NOTHING;
INSERT INTO calificaciones (matricula,clave,calificacion) VALUES ('22479353','S2-06',60) ON CONFLICT DO NOTHING;
INSERT INTO calificaciones (matricula,clave,calificacion) VALUES ('22479353','S3-01',74.1) ON CONFLICT DO NOTHING;
INSERT INTO calificaciones (matricula,clave,calificacion) VALUES ('22479353','S3-02',71.6) ON CONFLICT DO NOTHING;
INSERT INTO calificaciones (matricula,clave,calificacion) VALUES ('22479353','S3-03',74.6) ON CONFLICT DO NOTHING;
INSERT INTO calificaciones (matricula,clave,calificacion) VALUES ('22479353','S3-04',86.4) ON CONFLICT DO NOTHING;
INSERT INTO calificaciones (matricula,clave,calificacion) VALUES ('22479353','S3-05',64.7) ON CONFLICT DO NOTHING;
INSERT INTO calificaciones (matricula,clave,calificacion) VALUES ('22479353','S3-06',78.4) ON CONFLICT DO NOTHING;
INSERT INTO calificaciones (matricula,clave,calificacion) VALUES ('22479353','S4-01',85.4) ON CONFLICT DO NOTHING;
INSERT INTO calificaciones (matricula,clave,calificacion) VALUES ('22479353','S4-02',60) ON CONFLICT DO NOTHING;
INSERT INTO calificaciones (matricula,clave,calificacion) VALUES ('22479353','S4-03',90.1) ON CONFLICT DO NOTHING;
INSERT INTO calificaciones (matricula,clave,calificacion) VALUES ('22479353','S4-04',60) ON CONFLICT DO NOTHING;
INSERT INTO calificaciones (matricula,clave,calificacion) VALUES ('22479353','S4-05',83.1) ON CONFLICT DO NOTHING;
INSERT INTO calificaciones (matricula,clave,calificacion) VALUES ('22479353','S4-06',88.2) ON CONFLICT DO NOTHING;
INSERT INTO calificaciones (matricula,clave,calificacion) VALUES ('22479353','S5-01',70.1) ON CONFLICT DO NOTHING;
INSERT INTO calificaciones (matricula,clave,calificacion) VALUES ('22479353','S5-02',90.1) ON CONFLICT DO NOTHING;
INSERT INTO calificaciones (matricula,clave,calificacion) VALUES ('22479353','S5-03',68.0) ON CONFLICT DO NOTHING;
INSERT INTO calificaciones (matricula,clave,calificacion) VALUES ('22479353','S5-04',83.7) ON CONFLICT DO NOTHING;
INSERT INTO calificaciones (matricula,clave,calificacion) VALUES ('22479353','S5-05',71.2) ON CONFLICT DO NOTHING;
INSERT INTO calificaciones (matricula,clave,calificacion) VALUES ('22479353','S5-06',86.8) ON CONFLICT DO NOTHING;
INSERT INTO calificaciones (matricula,clave,calificacion) VALUES ('22479353','S6-01',72.1) ON CONFLICT DO NOTHING;
INSERT INTO calificaciones (matricula,clave,calificacion) VALUES ('22479353','S6-02',84.8) ON CONFLICT DO NOTHING;
INSERT INTO calificaciones (matricula,clave,calificacion) VALUES ('22479353','S6-03',86.1) ON CONFLICT DO NOTHING;
INSERT INTO calificaciones (matricula,clave,calificacion) VALUES ('22479353','S6-04',87.3) ON CONFLICT DO NOTHING;
INSERT INTO calificaciones (matricula,clave,calificacion) VALUES ('22479353','S6-05',74.9) ON CONFLICT DO NOTHING;
INSERT INTO calificaciones (matricula,clave,calificacion) VALUES ('22479353','S6-06',83.9) ON CONFLICT DO NOTHING;
INSERT INTO calificaciones (matricula,clave,calificacion) VALUES ('22479353','S6-07',86.0) ON CONFLICT DO NOTHING;
INSERT INTO calificaciones (matricula,clave,calificacion) VALUES ('22479353','S7-01',68.6) ON CONFLICT DO NOTHING;
INSERT INTO calificaciones (matricula,clave,calificacion) VALUES ('22479353','S7-02',73.8) ON CONFLICT DO NOTHING;
INSERT INTO calificaciones (matricula,clave,calificacion) VALUES ('22479353','S7-03',73.6) ON CONFLICT DO NOTHING;
INSERT INTO calificaciones (matricula,clave,calificacion) VALUES ('22479353','S7-04',71.4) ON CONFLICT DO NOTHING;
INSERT INTO calificaciones (matricula,clave,calificacion) VALUES ('22479353','S7-05',68.0) ON CONFLICT DO NOTHING;
INSERT INTO calificaciones (matricula,clave,calificacion) VALUES ('20831380','S1-01',84.4) ON CONFLICT DO NOTHING;
INSERT INTO calificaciones (matricula,clave,calificacion) VALUES ('20831380','S1-02',76.9) ON CONFLICT DO NOTHING;
INSERT INTO calificaciones (matricula,clave,calificacion) VALUES ('20831380','S1-03',87.2) ON CONFLICT DO NOTHING;
INSERT INTO calificaciones (matricula,clave,calificacion) VALUES ('20831380','S1-04',76.5) ON CONFLICT DO NOTHING;
INSERT INTO calificaciones (matricula,clave,calificacion) VALUES ('20831380','S1-05',61.4) ON CONFLICT DO NOTHING;
INSERT INTO calificaciones (matricula,clave,calificacion) VALUES ('20831380','S1-06',69.3) ON CONFLICT DO NOTHING;
INSERT INTO calificaciones (matricula,clave,calificacion) VALUES ('20831380','S1-07',84.1) ON CONFLICT DO NOTHING;
INSERT INTO calificaciones (matricula,clave,calificacion) VALUES ('20831380','S2-01',67.1) ON CONFLICT DO NOTHING;
INSERT INTO calificaciones (matricula,clave,calificacion) VALUES ('20831380','S2-02',69.3) ON CONFLICT DO NOTHING;
INSERT INTO calificaciones (matricula,clave,calificacion) VALUES ('20831380','S2-03',73.6) ON CONFLICT DO NOTHING;
INSERT INTO calificaciones (matricula,clave,calificacion) VALUES ('20831380','S2-04',76.6) ON CONFLICT DO NOTHING;
INSERT INTO calificaciones (matricula,clave,calificacion) VALUES ('20831380','S2-05',64.9) ON CONFLICT DO NOTHING;
INSERT INTO calificaciones (matricula,clave,calificacion) VALUES ('20831380','S2-06',71.1) ON CONFLICT DO NOTHING;
INSERT INTO calificaciones (matricula,clave,calificacion) VALUES ('20831380','S3-01',71.7) ON CONFLICT DO NOTHING;
INSERT INTO calificaciones (matricula,clave,calificacion) VALUES ('20831380','S3-02',84.2) ON CONFLICT DO NOTHING;
INSERT INTO calificaciones (matricula,clave,calificacion) VALUES ('20831380','S3-03',68.5) ON CONFLICT DO NOTHING;
INSERT INTO calificaciones (matricula,clave,calificacion) VALUES ('20831380','S3-04',77.3) ON CONFLICT DO NOTHING;
INSERT INTO calificaciones (matricula,clave,calificacion) VALUES ('20831380','S3-05',76.2) ON CONFLICT DO NOTHING;
INSERT INTO calificaciones (matricula,clave,calificacion) VALUES ('20831380','S3-06',81.3) ON CONFLICT DO NOTHING;
INSERT INTO calificaciones (matricula,clave,calificacion) VALUES ('22659543','S1-01',64.3) ON CONFLICT DO NOTHING;
INSERT INTO calificaciones (matricula,clave,calificacion) VALUES ('22659543','S1-02',88.7) ON CONFLICT DO NOTHING;
INSERT INTO calificaciones (matricula,clave,calificacion) VALUES ('22659543','S1-03',73.7) ON CONFLICT DO NOTHING;
INSERT INTO calificaciones (matricula,clave,calificacion) VALUES ('22659543','S1-04',68.4) ON CONFLICT DO NOTHING;
INSERT INTO calificaciones (matricula,clave,calificacion) VALUES ('22659543','S1-05',69.6) ON CONFLICT DO NOTHING;
INSERT INTO calificaciones (matricula,clave,calificacion) VALUES ('22659543','S1-06',80.2) ON CONFLICT DO NOTHING;
INSERT INTO calificaciones (matricula,clave,calificacion) VALUES ('22659543','S1-07',83.3) ON CONFLICT DO NOTHING;
INSERT INTO calificaciones (matricula,clave,calificacion) VALUES ('22659543','S2-01',80.5) ON CONFLICT DO NOTHING;
INSERT INTO calificaciones (matricula,clave,calificacion) VALUES ('22659543','S2-02',73.6) ON CONFLICT DO NOTHING;
INSERT INTO calificaciones (matricula,clave,calificacion) VALUES ('22659543','S2-03',82.8) ON CONFLICT DO NOTHING;
INSERT INTO calificaciones (matricula,clave,calificacion) VALUES ('22659543','S2-04',79.3) ON CONFLICT DO NOTHING;
INSERT INTO calificaciones (matricula,clave,calificacion) VALUES ('22659543','S2-05',61.9) ON CONFLICT DO NOTHING;
INSERT INTO calificaciones (matricula,clave,calificacion) VALUES ('22659543','S2-06',73.8) ON CONFLICT DO NOTHING;
INSERT INTO calificaciones (matricula,clave,calificacion) VALUES ('22659543','S3-01',60) ON CONFLICT DO NOTHING;
INSERT INTO calificaciones (matricula,clave,calificacion) VALUES ('22659543','S3-02',79.9) ON CONFLICT DO NOTHING;
INSERT INTO calificaciones (matricula,clave,calificacion) VALUES ('22659543','S3-03',76.6) ON CONFLICT DO NOTHING;
INSERT INTO calificaciones (matricula,clave,calificacion) VALUES ('22659543','S3-04',79.6) ON CONFLICT DO NOTHING;
INSERT INTO calificaciones (matricula,clave,calificacion) VALUES ('22659543','S3-05',64.4) ON CONFLICT DO NOTHING;
INSERT INTO calificaciones (matricula,clave,calificacion) VALUES ('22659543','S3-06',69.8) ON CONFLICT DO NOTHING;
INSERT INTO calificaciones (matricula,clave,calificacion) VALUES ('22659543','S4-01',64.3) ON CONFLICT DO NOTHING;
INSERT INTO calificaciones (matricula,clave,calificacion) VALUES ('22659543','S4-02',60) ON CONFLICT DO NOTHING;
INSERT INTO calificaciones (matricula,clave,calificacion) VALUES ('22659543','S4-03',65.7) ON CONFLICT DO NOTHING;
INSERT INTO calificaciones (matricula,clave,calificacion) VALUES ('22659543','S4-04',69.7) ON CONFLICT DO NOTHING;
INSERT INTO calificaciones (matricula,clave,calificacion) VALUES ('22659543','S4-05',64.8) ON CONFLICT DO NOTHING;
INSERT INTO calificaciones (matricula,clave,calificacion) VALUES ('22659543','S4-06',63.5) ON CONFLICT DO NOTHING;
INSERT INTO calificaciones (matricula,clave,calificacion) VALUES ('22659543','S5-01',63.3) ON CONFLICT DO NOTHING;
INSERT INTO calificaciones (matricula,clave,calificacion) VALUES ('22659543','S5-02',60) ON CONFLICT DO NOTHING;
INSERT INTO calificaciones (matricula,clave,calificacion) VALUES ('22659543','S5-03',65.8) ON CONFLICT DO NOTHING;
INSERT INTO calificaciones (matricula,clave,calificacion) VALUES ('22659543','S5-04',75.8) ON CONFLICT DO NOTHING;
INSERT INTO calificaciones (matricula,clave,calificacion) VALUES ('22659543','S5-05',70.2) ON CONFLICT DO NOTHING;
INSERT INTO calificaciones (matricula,clave,calificacion) VALUES ('22659543','S5-06',70.9) ON CONFLICT DO NOTHING;
INSERT INTO calificaciones (matricula,clave,calificacion) VALUES ('22659543','S6-01',99.9) ON CONFLICT DO NOTHING;
INSERT INTO calificaciones (matricula,clave,calificacion) VALUES ('22659543','S6-02',65.0) ON CONFLICT DO NOTHING;
INSERT INTO calificaciones (matricula,clave,calificacion) VALUES ('22659543','S6-03',66.0) ON CONFLICT DO NOTHING;
INSERT INTO calificaciones (matricula,clave,calificacion) VALUES ('22659543','S6-04',96.4) ON CONFLICT DO NOTHING;
INSERT INTO calificaciones (matricula,clave,calificacion) VALUES ('22659543','S6-05',70.0) ON CONFLICT DO NOTHING;
INSERT INTO calificaciones (matricula,clave,calificacion) VALUES ('22659543','S6-06',61.7) ON CONFLICT DO NOTHING;
INSERT INTO calificaciones (matricula,clave,calificacion) VALUES ('22659543','S6-07',63.6) ON CONFLICT DO NOTHING;
INSERT INTO calificaciones (matricula,clave,calificacion) VALUES ('22659543','S7-01',100) ON CONFLICT DO NOTHING;
INSERT INTO calificaciones (matricula,clave,calificacion) VALUES ('22659543','S7-02',77.9) ON CONFLICT DO NOTHING;
INSERT INTO calificaciones (matricula,clave,calificacion) VALUES ('22659543','S7-03',70.2) ON CONFLICT DO NOTHING;
INSERT INTO calificaciones (matricula,clave,calificacion) VALUES ('22659543','S7-04',67.1) ON CONFLICT DO NOTHING;
INSERT INTO calificaciones (matricula,clave,calificacion) VALUES ('22659543','S7-05',78.4) ON CONFLICT DO NOTHING;
INSERT INTO calificaciones (matricula,clave,calificacion) VALUES ('22659543','S8-01',67.4) ON CONFLICT DO NOTHING;
INSERT INTO calificaciones (matricula,clave,calificacion) VALUES ('22659543','S8-02',77.5) ON CONFLICT DO NOTHING;
INSERT INTO calificaciones (matricula,clave,calificacion) VALUES ('22659543','S8-03',60.5) ON CONFLICT DO NOTHING;
INSERT INTO calificaciones (matricula,clave,calificacion) VALUES ('22659543','S8-04',80.8) ON CONFLICT DO NOTHING;
INSERT INTO calificaciones (matricula,clave,calificacion) VALUES ('22659543','S8-05',69.9) ON CONFLICT DO NOTHING;
INSERT INTO calificaciones (matricula,clave,calificacion) VALUES ('22659543','S8-06',60.2) ON CONFLICT DO NOTHING;
INSERT INTO calificaciones (matricula,clave,calificacion) VALUES ('22916118','S1-01',75.5) ON CONFLICT DO NOTHING;
INSERT INTO calificaciones (matricula,clave,calificacion) VALUES ('22916118','S1-02',66.0) ON CONFLICT DO NOTHING;
INSERT INTO calificaciones (matricula,clave,calificacion) VALUES ('22916118','S1-03',80.4) ON CONFLICT DO NOTHING;
INSERT INTO calificaciones (matricula,clave,calificacion) VALUES ('22916118','S1-04',77.1) ON CONFLICT DO NOTHING;
INSERT INTO calificaciones (matricula,clave,calificacion) VALUES ('22916118','S1-05',73.4) ON CONFLICT DO NOTHING;
INSERT INTO calificaciones (matricula,clave,calificacion) VALUES ('22916118','S1-06',76.4) ON CONFLICT DO NOTHING;
INSERT INTO calificaciones (matricula,clave,calificacion) VALUES ('22916118','S1-07',78.5) ON CONFLICT DO NOTHING;
INSERT INTO calificaciones (matricula,clave,calificacion) VALUES ('22916118','S2-01',71.7) ON CONFLICT DO NOTHING;
INSERT INTO calificaciones (matricula,clave,calificacion) VALUES ('22916118','S2-02',75.2) ON CONFLICT DO NOTHING;
INSERT INTO calificaciones (matricula,clave,calificacion) VALUES ('22916118','S2-03',78.2) ON CONFLICT DO NOTHING;
INSERT INTO calificaciones (matricula,clave,calificacion) VALUES ('22916118','S2-04',84.0) ON CONFLICT DO NOTHING;
INSERT INTO calificaciones (matricula,clave,calificacion) VALUES ('22916118','S2-05',69.7) ON CONFLICT DO NOTHING;
INSERT INTO calificaciones (matricula,clave,calificacion) VALUES ('22916118','S2-06',68.8) ON CONFLICT DO NOTHING;
INSERT INTO calificaciones (matricula,clave,calificacion) VALUES ('22916118','S3-01',77.1) ON CONFLICT DO NOTHING;
INSERT INTO calificaciones (matricula,clave,calificacion) VALUES ('22916118','S3-02',81.7) ON CONFLICT DO NOTHING;
INSERT INTO calificaciones (matricula,clave,calificacion) VALUES ('22916118','S3-03',60) ON CONFLICT DO NOTHING;
INSERT INTO calificaciones (matricula,clave,calificacion) VALUES ('22916118','S3-04',68.7) ON CONFLICT DO NOTHING;
INSERT INTO calificaciones (matricula,clave,calificacion) VALUES ('22916118','S3-05',91.1) ON CONFLICT DO NOTHING;
INSERT INTO calificaciones (matricula,clave,calificacion) VALUES ('22916118','S3-06',77.3) ON CONFLICT DO NOTHING;
INSERT INTO calificaciones (matricula,clave,calificacion) VALUES ('22916118','S4-01',79.3) ON CONFLICT DO NOTHING;
INSERT INTO calificaciones (matricula,clave,calificacion) VALUES ('22916118','S4-02',92.5) ON CONFLICT DO NOTHING;
INSERT INTO calificaciones (matricula,clave,calificacion) VALUES ('22916118','S4-03',68.1) ON CONFLICT DO NOTHING;
INSERT INTO calificaciones (matricula,clave,calificacion) VALUES ('22916118','S4-04',82.6) ON CONFLICT DO NOTHING;
INSERT INTO calificaciones (matricula,clave,calificacion) VALUES ('22916118','S4-05',82.6) ON CONFLICT DO NOTHING;
INSERT INTO calificaciones (matricula,clave,calificacion) VALUES ('22916118','S4-06',93.9) ON CONFLICT DO NOTHING;
INSERT INTO calificaciones (matricula,clave,calificacion) VALUES ('22916118','S5-01',64.5) ON CONFLICT DO NOTHING;
INSERT INTO calificaciones (matricula,clave,calificacion) VALUES ('22916118','S5-02',84.9) ON CONFLICT DO NOTHING;
INSERT INTO calificaciones (matricula,clave,calificacion) VALUES ('22916118','S5-03',76.6) ON CONFLICT DO NOTHING;
INSERT INTO calificaciones (matricula,clave,calificacion) VALUES ('22916118','S5-04',75.1) ON CONFLICT DO NOTHING;
INSERT INTO calificaciones (matricula,clave,calificacion) VALUES ('22916118','S5-05',69.3) ON CONFLICT DO NOTHING;
INSERT INTO calificaciones (matricula,clave,calificacion) VALUES ('22916118','S5-06',78.6) ON CONFLICT DO NOTHING;
INSERT INTO calificaciones (matricula,clave,calificacion) VALUES ('22916118','S6-01',67.3) ON CONFLICT DO NOTHING;
INSERT INTO calificaciones (matricula,clave,calificacion) VALUES ('22916118','S6-02',75.6) ON CONFLICT DO NOTHING;
INSERT INTO calificaciones (matricula,clave,calificacion) VALUES ('22916118','S6-03',85.3) ON CONFLICT DO NOTHING;
INSERT INTO calificaciones (matricula,clave,calificacion) VALUES ('22916118','S6-04',74.7) ON CONFLICT DO NOTHING;
INSERT INTO calificaciones (matricula,clave,calificacion) VALUES ('22916118','S6-05',73.8) ON CONFLICT DO NOTHING;
INSERT INTO calificaciones (matricula,clave,calificacion) VALUES ('22916118','S6-06',73.1) ON CONFLICT DO NOTHING;
INSERT INTO calificaciones (matricula,clave,calificacion) VALUES ('22916118','S6-07',81.9) ON CONFLICT DO NOTHING;
INSERT INTO calificaciones (matricula,clave,calificacion) VALUES ('22916118','S7-01',83.5) ON CONFLICT DO NOTHING;
INSERT INTO calificaciones (matricula,clave,calificacion) VALUES ('22916118','S7-02',93.4) ON CONFLICT DO NOTHING;
INSERT INTO calificaciones (matricula,clave,calificacion) VALUES ('22916118','S7-03',75.0) ON CONFLICT DO NOTHING;
INSERT INTO calificaciones (matricula,clave,calificacion) VALUES ('22916118','S7-04',68.8) ON CONFLICT DO NOTHING;
INSERT INTO calificaciones (matricula,clave,calificacion) VALUES ('22916118','S7-05',69.6) ON CONFLICT DO NOTHING;
INSERT INTO calificaciones (matricula,clave,calificacion) VALUES ('22916118','S8-01',69.3) ON CONFLICT DO NOTHING;
INSERT INTO calificaciones (matricula,clave,calificacion) VALUES ('22916118','S8-02',76.9) ON CONFLICT DO NOTHING;
INSERT INTO calificaciones (matricula,clave,calificacion) VALUES ('22916118','S8-03',71.8) ON CONFLICT DO NOTHING;
INSERT INTO calificaciones (matricula,clave,calificacion) VALUES ('22916118','S8-04',75.5) ON CONFLICT DO NOTHING;
INSERT INTO calificaciones (matricula,clave,calificacion) VALUES ('22916118','S8-05',83.6) ON CONFLICT DO NOTHING;
INSERT INTO calificaciones (matricula,clave,calificacion) VALUES ('22916118','S8-06',68.2) ON CONFLICT DO NOTHING;
INSERT INTO calificaciones (matricula,clave,calificacion) VALUES ('22332120','S1-01',82.7) ON CONFLICT DO NOTHING;
INSERT INTO calificaciones (matricula,clave,calificacion) VALUES ('22332120','S1-02',70.3) ON CONFLICT DO NOTHING;
INSERT INTO calificaciones (matricula,clave,calificacion) VALUES ('22332120','S1-03',76.1) ON CONFLICT DO NOTHING;
INSERT INTO calificaciones (matricula,clave,calificacion) VALUES ('22332120','S1-04',60) ON CONFLICT DO NOTHING;
INSERT INTO calificaciones (matricula,clave,calificacion) VALUES ('22332120','S1-05',89.2) ON CONFLICT DO NOTHING;
INSERT INTO calificaciones (matricula,clave,calificacion) VALUES ('22332120','S1-06',74.7) ON CONFLICT DO NOTHING;
INSERT INTO calificaciones (matricula,clave,calificacion) VALUES ('22332120','S1-07',68.6) ON CONFLICT DO NOTHING;
INSERT INTO calificaciones (matricula,clave,calificacion) VALUES ('22332120','S2-01',61.6) ON CONFLICT DO NOTHING;
INSERT INTO calificaciones (matricula,clave,calificacion) VALUES ('22332120','S2-02',71.3) ON CONFLICT DO NOTHING;
INSERT INTO calificaciones (matricula,clave,calificacion) VALUES ('22332120','S2-03',83.8) ON CONFLICT DO NOTHING;
INSERT INTO calificaciones (matricula,clave,calificacion) VALUES ('22332120','S2-04',70.3) ON CONFLICT DO NOTHING;
INSERT INTO calificaciones (matricula,clave,calificacion) VALUES ('22332120','S2-05',80.2) ON CONFLICT DO NOTHING;
INSERT INTO calificaciones (matricula,clave,calificacion) VALUES ('22332120','S2-06',63.2) ON CONFLICT DO NOTHING;
INSERT INTO calificaciones (matricula,clave,calificacion) VALUES ('22332120','S3-01',80.8) ON CONFLICT DO NOTHING;
INSERT INTO calificaciones (matricula,clave,calificacion) VALUES ('22332120','S3-02',75.6) ON CONFLICT DO NOTHING;
INSERT INTO calificaciones (matricula,clave,calificacion) VALUES ('22332120','S3-03',72.9) ON CONFLICT DO NOTHING;
INSERT INTO calificaciones (matricula,clave,calificacion) VALUES ('22332120','S3-04',69.8) ON CONFLICT DO NOTHING;
INSERT INTO calificaciones (matricula,clave,calificacion) VALUES ('22332120','S3-05',78.5) ON CONFLICT DO NOTHING;
INSERT INTO calificaciones (matricula,clave,calificacion) VALUES ('22332120','S3-06',80.0) ON CONFLICT DO NOTHING;
INSERT INTO calificaciones (matricula,clave,calificacion) VALUES ('22332120','S4-01',60) ON CONFLICT DO NOTHING;
INSERT INTO calificaciones (matricula,clave,calificacion) VALUES ('22332120','S4-02',93.2) ON CONFLICT DO NOTHING;
INSERT INTO calificaciones (matricula,clave,calificacion) VALUES ('22332120','S4-03',66.4) ON CONFLICT DO NOTHING;
INSERT INTO calificaciones (matricula,clave,calificacion) VALUES ('22332120','S4-04',88.8) ON CONFLICT DO NOTHING;
INSERT INTO calificaciones (matricula,clave,calificacion) VALUES ('22332120','S4-05',82.3) ON CONFLICT DO NOTHING;
INSERT INTO calificaciones (matricula,clave,calificacion) VALUES ('22332120','S4-06',81.8) ON CONFLICT DO NOTHING;
INSERT INTO calificaciones (matricula,clave,calificacion) VALUES ('22332120','S5-01',71.6) ON CONFLICT DO NOTHING;
INSERT INTO calificaciones (matricula,clave,calificacion) VALUES ('22332120','S5-02',100) ON CONFLICT DO NOTHING;
INSERT INTO calificaciones (matricula,clave,calificacion) VALUES ('22332120','S5-03',90.2) ON CONFLICT DO NOTHING;
INSERT INTO calificaciones (matricula,clave,calificacion) VALUES ('22332120','S5-04',70.3) ON CONFLICT DO NOTHING;
INSERT INTO calificaciones (matricula,clave,calificacion) VALUES ('22332120','S5-05',79.6) ON CONFLICT DO NOTHING;
INSERT INTO calificaciones (matricula,clave,calificacion) VALUES ('22332120','S5-06',87.0) ON CONFLICT DO NOTHING;
INSERT INTO calificaciones (matricula,clave,calificacion) VALUES ('22332120','S6-01',64.4) ON CONFLICT DO NOTHING;
INSERT INTO calificaciones (matricula,clave,calificacion) VALUES ('22332120','S6-02',71.6) ON CONFLICT DO NOTHING;
INSERT INTO calificaciones (matricula,clave,calificacion) VALUES ('22332120','S6-03',82.8) ON CONFLICT DO NOTHING;
INSERT INTO calificaciones (matricula,clave,calificacion) VALUES ('22332120','S6-04',80.3) ON CONFLICT DO NOTHING;
INSERT INTO calificaciones (matricula,clave,calificacion) VALUES ('22332120','S6-05',89.0) ON CONFLICT DO NOTHING;
INSERT INTO calificaciones (matricula,clave,calificacion) VALUES ('22332120','S6-06',77.0) ON CONFLICT DO NOTHING;
INSERT INTO calificaciones (matricula,clave,calificacion) VALUES ('22332120','S6-07',82.2) ON CONFLICT DO NOTHING;
INSERT INTO calificaciones (matricula,clave,calificacion) VALUES ('22332120','S7-01',73.9) ON CONFLICT DO NOTHING;
INSERT INTO calificaciones (matricula,clave,calificacion) VALUES ('22332120','S7-02',74.7) ON CONFLICT DO NOTHING;
INSERT INTO calificaciones (matricula,clave,calificacion) VALUES ('22332120','S7-03',80.3) ON CONFLICT DO NOTHING;
INSERT INTO calificaciones (matricula,clave,calificacion) VALUES ('22332120','S7-04',65.8) ON CONFLICT DO NOTHING;
INSERT INTO calificaciones (matricula,clave,calificacion) VALUES ('22332120','S7-05',79.4) ON CONFLICT DO NOTHING;